Workbook

Sheet 25메인호텔
A1: 호텔명 | B1: 등급 | C1: 요금 | D1: 특이사항
A2: 머큐어 티히티 | B2: 4 | C2: 160 | F2: Momentus | G2: 190 | H2: 180
A3: IBIS 노베나 | B3: 4 | C3: 160 | F3: Aloft Novena | G3: 180 | H3: 180
A4: Alfot | B4: 4 | C4: 180 | D4: 이스트 윙 ( 웨스트 200 ) | F4: Mercure Stevens | G4: 180 | H4: 180
A5: 머큐어스티븐스 | B5: 4 | C5: 180 | D5: ~ 3월까지 | F5: M Hotel City Centre | G5: 230 | H5: 230
A6: 모멘투스 | B6: 4 | C6: 180/190 | D6: 트윈게런티 (200) | F6: Concorde Hotel | G6: 230 | H6: 230
A7: 오아시아노베나 | B7: 4 | C7: 210 | D7: 데일리 9방 얼랏먼트 | F7: Oasia Novena | G7: 210 | H7: 210
A8: M호텔 | B8: 4 | C8: 215 | D8: 1월~3월까지 | F8: Orchid Hotel | G8: 220 | H8: 220
A9: 아마라 | B9: 5 | C9: 230 | F9: Amara Singapore | G9: 230 | H9: 230
A10: 오아시아센토사 | B10: 5 | C10: 260 | D10: 데일리 10방 하드 | F10: Orchard Hotel | G10: 240 | H10: 240
F11: Grand Copthorne | G11: 240 | H11: 240
F12: Mercure Tyrwhitt | G12: 170 | H12: 170
F13: Hotel Boss | G13: 185 | H13: 185
F14: V Hotel Lavender | G14: 185 | H14: 185
F15: IbIs Novena | G15: 155 | H15: 155
F16: IbIs bencoolen | G16: 185 | H16: 185
F17: Oasia Sentosa | G17: 240 | H17: 240
F18: Swissotel The stamford | G18: 540 | H18: 540

Sheet 가이드&차량
A1: 환율 | B1: 1100
A2: 구분 | B2: 일정 | C2: SGD | H2: 45 | I2: 49 | J2: 23 | K2: 13
A3: 한국인 가이드 | B3: 공항미팅/공항샌딩 | C3: 150 | G3: 150 | H3: 280 | I3: 290 | J3: 200 | K3: 120
B4: 4시간 이하 | C4: 250 | D4: 1 | E4: 5 | G4: 375 | H4: 630 | I4: 680 | J4: 530 | K4: 420
B5: 8시간 이하 | C5: 300 | G5: 375 | H5: 630 | I5: 680 | J5: 530 | K5: 420
B6: 10시간 | C6: 375 | G6: =350+150 -> 500 | H6: 630 | I6: 680 | J6: 530 | K6: 420
B7: 12시간 | C7: =C6+50 -> 425 | G7: =SUM(G3:G6) -> 1400 | H7: =SUM(H3:H6) -> 2170 | I7: =SUM(I3:I6) -> 2330 | J7: =SUM(J3:J6) -> 1790 | K7: =SUM(K3:K6) -> 1380
B8: 추가 시간당 | C8: 40
B9: 할증 택시비( 23:00 ~ 08 :00 ) | C9: 50
A11: 현지 영어 가이드 | B11: 공항미팅/공항샌딩 | C11: 150
B12: 4시간 이하 | C12: 300 | H12: =IF(D4+E4<8,'가이드&차량'!C43, IF(D4+E4<=14,'가이드&차량'!C35,'가이드&차량'!C19)) -> 120
B13: 8시간 이하 | C13: 350
B14: 10시간 | C14: 400
B15: 12시간 | C15: =C14+80 -> 480 | H15: =IF(D4+E4<8,'가이드&차량'!C47, IF(D4+E4<=14,'가이드&차량'!C39,'가이드&차량'!C23)) -> 430
B16: 추가 시간당 | C16: 40
B17: 할증( 23:00 ~ 08 :00 ) | C17: 50
A19: 45인 버스 ( 34명 ) | B19: 공항미팅/공항샌딩 | C19: 280
B20: 4시간 이하 | C20: 400
B21: 8시간 이하 | C21: 500 | G21: 1. 엑셀 H2에 입력한 날짜 요일에 따라서 AC2, AD2에 입력한 주중/주말 요금을 반영한다.
B22: 10시간 | C22: 555 | G22: 2. H2에 입력한 날짜가 W3에서 X3까지의 날짜 구간안에 들어가면 Z3 을 추가하여 보여준다.
B23: 12시간 | C23: 630 | G23: 3. H2에 입력한 날짜가 W4에서 X4까지의 날짜 구간안에 들어가면 Z4 을 추가하여 보여준다.
B24: 추가 시간당 | C24: 75 | G24: 4. H2에 입력한 날짜가 W5에서 X5까지의 날짜 구간안에 들어가면 Z5 을 추가하여 보여준다.
B25: 할증( 23:00 ~ 08 :00 ) | C25: 80 | G25: 5. H2에 입력한 날짜가 W6에서 X6까지의 날짜 구간안에 들어가면 Z6 을 추가하여 보여준다.
G26: 6. H2에 입력한 날짜가 W7에서 X7까지의 날짜 구간안에 들어가면 Z7 을 추가하여 보여준다.
A27: 49인 버스 ( 40명 ) | B27: 공항미팅/공항샌딩 | C27: 290 | G27: 7. H2에 입력한8에서 X8까지의 날짜 구간안에 들어가면 Z8 을 추가하여 보여준다.
B28: 4시간 이하 | C28: 450 | G28: 8. H2에 입력한 날짜가 W9에서 X9까지의 날짜 구간안에 들어가면 Z9 을 추가하여 보여준다.
B29: 8시간 이하 | C29: 550 | G29: 9. H2에 입력한 날짜가 W10에서 X10까지의 날짜 구간안에 들어가면 Z10 을 추가하여 보여준다.
B30: 10시간 | C30: 595 | G30: 10. 최종 요금이 요금 값이 1 보다 작은 경우 Surcharg Check 를 표시한다
B31: 12시간 | C31: 680
B32: 추가 시간당 | C32: 85
B33: 할증( 23:00 ~ 08 :00 ) | C33: 80
A35: 23인 버스 ( 14명 ) | B35: 공항미팅/공항샌딩 | C35: 200
B36: 4시간 이하 | C36: 350
B37: 8시간 이하 | C37: 400
B38: 10시간 | C38: 465
B39: 12시간 | C39: 530
B40: 추가 시간당 | C40: 65
B41: 할증( 23:00 ~ 08 :00 ) | C41: 65
A43: 13인 승합차 ( 8명 ) | B43: 공항미팅/공항샌딩 | C43: 120
B44: 4시간 이하 | C44: 250
B45: 8시간 이하 | C45: 300
B46: 10시간 | C46: 350
B47: 12시간 | C47: 430
B48: 할증( 23:00 ~ 08 :00 ) | C48: 50
A50: VIP 버스 ( 28명 ) | B50: 공항미팅/공항샌딩
B51: 4시간 이하
B52: 8시간 이하
B53: 10시간 | C53: 850
B54: 12시간
B55: 추가 시간당
B56: 할증( 23:00 ~ 08 :00 )
A58: VIP 승합차 ( 5명 ) | B58: 공항미팅/공항샌딩
B59: 4시간 이하
B60: 8시간 이하
B61: 10시간
B62: 12시간
B63: 할증( 23:00 ~ 08 :00 )

Sheet 서차지
B1: Update : 25-12-20
B2: EVENT | C2: 시작일 | D2: 마감일 | E2: 실제 행사일
B3: World Paralympic Swimming | C3: 45921 | D3: 45562 | E3: 21 – 27 September 2025
B4: Singapore Formula One (F1) | C4: 45932 | D4: 45935 | E4: 02 Oct - 05 Oct, 2025
B5: ITB Asia | C5: 45944 | D5: 45947 | E5: 23 - 25 October 2025
B6: FHA-HoReCa | C6: 45950 | D6: 45953
B7: FinTech 2025 | C7: 45972 | D7: 45974
B8: Christmas Day | C8: 46015 | D8: 46016
B9: Year End | C9: 46021 | D9: 46023
B10: Year End | C10: 46022 | D10: 46022
B11: Singapore Airshow 2026 | C11: 46056 | D11: 46059 | E11: 3 - 6 Feb 2026
B12: Chinese New Year | C12: 46069 | D12: 46077 | E12: 16 - 24 Feb 2026
B13: Food & Hotel Beverage
B14: CommunicAsia
B15: National Day
B16: Singapore Formula One
B17: Golden week
B18: Christmas Day | C18: 46380 | D18: 46381
B19: Year End | C19: 46386 | D19: 46388
B20: Year End | C20: 46387 | D20: 46022

Sheet 호텔
B1: 하나등급 | C1: ReMark | D1: 위치 | E1: 영문 호텔명 | F1: 한글 호텔명 | G1: 룸 카테고리(SQM) | H1: 조식 | I1: 닷컴 | J1: 월 | K1: 화 | L1: 수 | M1: 목 | N1: 금 | O1: 토 | P1: 일 | Q1: 엑스트라 | R1: 조식(A) | S1: 조식(C) | T1: 전체룸 | U1: 트윈룸 | V1: 얼랏먼트
A2: 전보미 | B2: 3성 | C2: 인센티브 저가 호텔 | D2: 노베나 | E2: IBIS Novena | F2: 이비스 노베나 | G2: Standard (18sqm) | H2: 포함 | I2: 192343 | J2: 155 | Q2: X | R2: 24.95 | S2: 10 | T2: 241 | U2: 74
E3: IBIS Novena | F3: 이비스 노베나 | G3: Standard 8방이상 | H3: 포함 | I3: 192343 | J3: 145 | Q3: X
E4: IBIS Novena 7월~8월 | F4: 이비스 노베나 | G4: Standard | H4: 포함 | I4: 192343 | J4: 175 | Q4: X
E5: IBIS Novena | F5: 이비스 노베나 | G5: Triple & Family(20sqm) | H5: 포함 | I5: =I3+75000 -> 267343 | J5: 215 | Q5: X
A6: 함소연 | B6: 3.5성 | C6: 인센티브 트윈 게런티 FIT 추천 | D6: 무스타파 | E6: Hotel Boss | F6: 호텔 보스 | G6: Superior(14sqm) | H6: 포함 | I6: 154976 | J6: 173 | Q6: 93 | R6: 13 | S6: 13 | T6: 1500 | U6: 428
E7: Hotel Boss | F7: 호텔 보스 | G7: Superior(14sqm) 트윈 게런티 | H7: 포함 | I7: 154976 | J7: 185
E8: Hotel Boss | F8: 호텔 보스 | G8: premier(17sqm) | H8: 포함 | I8: 177552 | J8: 189
A9: 함소연 | B9: 4성 | C9: 인센티브 트윈 게런티 | D9: 무스타파 | E9: V Hotel Lavender | F9: V 호텔 라벤더 | G9: Superior(14sqm) | H9: 포함 | I9: 164245 | J9: 173 | Q9: 93 | R9: 13 | S9: 13 | T9: 888 | U9: 261
E10: V Hotel Lavender | F10: V 호텔 라벤더 | G10: Superior(14sqm) 트윈 게런티 | H10: 포함 | I10: 164245 | J10: 185
E11: V Hotel Lavender | F11: V 호텔 라벤더 | G11: premier(16sqm) | H11: 포함 | I11: 187233 | J11: 189
A12: 함소연 | B12: 3.5성 | C12: FIT 추천 | D12: 부기스 | E12: V Hotel Bencoolen | F12: V 호텔 벤쿨린 | G12: Superior(14sqm) | H12: 포함 | I12: 164065 | J12: 169 | Q12: X | R12: 13 | S12: 13 | T12: 272
E13: V Hotel Bencoolen | F13: V 호텔 벤쿨린 | G13: premier(16sqm) | H13: 포함 | I13: 184406 | J13: 189 | Q13: X
A14: 함소연 | B14: 3.5성 | C14: FIT 추천 | D14: 부기스 | E14: Hotel Mi Bencoolen | F14: 호텔 MI 벤클론 | G14: Superior(14sqm) | H14: 포함 | I14: 170614 | J14: 177 | Q14: X | R14: 13 | S14: 13 | T14: 342
E15: Hotel Mi Bencoolen | F15: 호텔 MI 벤클론 | G15: premier(17sqm) | H15: 포함 | I15: 199364 | J15: 197 | Q15: X
A16: 함소연 | B16: 3.5성 | C16: FIT 추천 | D16: 로처 | E16: Hotel Mi Rochor | F16: 호텔 MI 로초르 | G16: Superior(15sqm) | H16: 포함 | I16: 156808 | J16: 177 | Q16: X | R16: 13 | S16: 13 | T16: 530
E17: Hotel Mi Rochor | F17: 호텔 MI 로초르 | G17: premier(17sqm) | H17: 포함 | I17: 186599 | J17: 197 | Q17: X
B18: 3.5성 | C18: FIT 추천 | D18: 카통 | E18: Holiday Inn Express Katong | F18: 홀리데이인 익스프레스 카통 | G18: Standardr(19sqm) | H18: 포함 | I18: 217947 | J18: 200 | Q18: X | T18: 451
E19: Holiday Inn Express Katong | F19: 홀리데이인 익스프레스 카통 | G19: Standardr(19sqm) 8방이상 | H19: 포함 | I19: 217947 | J19: 180 | Q19: X
A20: 함소연 | B20: 3성 | C20: 인센티브 트윈 게런티 | D20: 벤쿨렌 | E20: IBIS on Bencoolen | F20: 이비스 벤쿨렌 | G20: Standard (18sqm) | H20: 포함 | I20: 210603 | J20: 175 | Q20: X | R20: 25 | S20: 12.5 | T20: 534 | U20: 124
E21: IBIS on Bencoolen | F21: 이비스 벤쿨렌 | G21: Superior (18sqm) | H21: 포함 | I21: 223226 | J21: 185 | Q21: X
E22: IBIS on Bencoolen 7월-8월 | F22: 이비스 벤쿨렌 | G22: Standard(18sqm) | H22: 포함 | I22: 210603 | J22: 195 | Q22: X
E23: IBIS on Bencoolen 7월-8월 | F23: 이비스 벤쿨렌 | G23: Superior(18sqm) | H23: 포함 | I23: 223226 | J23: 205 | Q23: X
A25: 정다혜 | B25: 4성 | C25: 인센티브 저가 호텔 | D25: 겔랑 | E25: MERCURE TYRWHITT | F25: 머큐어 티히트 | G25: Classic(15sqm) | H25: 포함 | I25: 205719 | J25: 200 | Q25: X | T25: 270 | U25: 104
E26: MERCURE TYRWHITT | F26: 머큐어 티히트 | G26: Classic (15sqm) 8방이상 | H26: 포함 | I26: 205719 | J26: 170 | Q26: X
A27: 전보미 | B27: 4성 | C27: FIT 추천 | D27: 부기스 | E27: Hotel Royal@Queens | F27: 로얄 앳 퀸즈 | G27: Executive room | H27: 포함 | I27: 196187 | J27: 200 | Q27: 65 | R27: 24.94 | S27: 17 | T27: 236 | U27: 65
A28: 전보미 | B28: 4성 | C28: 세이버 4성 학단 중심 | D28: 부킷 메라 | E28: Faber Park | F28: 페버 파크 | G28: Superior (15sqm) | H28: 포함 | I28: 214253 | J28: 200 | Q28: 100 | T28: 194 | U28: 112
E29: Faber Park | F29: 페버 파크 | G29: Deluxe (18sqm) | H29: 포함 | J29: 250 | Q29: 100
E30: Faber Park ~ 6월 | F30: 페버 파크 | G30: Superior (15sqm) | H30: 포함 | J30: 180 | Q30: 100
E31: Faber Park 7월~8월 | F31: 페버 파크 | G31: Superior (15sqm) | H31: 포함 | I31: 214253 | J31: 200 | Q31: 100
A32: 김현지 | B32: 4성 | C32: 패키지 서브 인센티브 서브 | D32: 차이나타운 | E32: Doresett | F32: 도르셋 | G32: Dorsett | H32: 포함 | I32: 197080 | J32: 270 | N32: 240 | Q32: X | T32: 285 | U32: 91
E33: Doresett | F33: 도르셋 | G33: Deluxe | H33: 포함 | I33: 250532 | J33: 300 | N33: 270 | Q33: 110
E34: Doresett ~6월 | F34: 도르셋 | G34: Dorsett (10방이상) | H34: 포함 | J34: 180 | Q34: 120
E35: Doresett ~ 6월 | F35: 도르셋 | G35: Deluxe (10방이상) | H35: 포함 | J35: 210 | Q35: 90
A36: 전보미 | B36: 4성 | C36: 패키지 서브 | D36: 갤랑 | E36: Hotel Traveltine | F36: 트레버틴 호텔 | G36: Superior | H36: 포함 | I36: 217430 | J36: 230 | T36: 300
E37: Hotel Traveltine | F37: 트레버틴 호텔 | G37: Superior 8방이상 | H37: 포함 | I37: 217430 | J37: 190
E38: Hotel Traveltine | F38: 트레버틴 호텔 | G38: Deluxe | H38: 포함 | I38: 234969 | J38: 260
A39: 김자명 | B39: 4성 | C39: 패키지 서브 FIT 추천 | D39: 오차드 | E39: Citadines Conneting | F39: 시타딘스 커넥팅 | G39: Standard (내측창문) | H39: 포함 | J39: 190
E40: Citadines Conneting | F40: 시타딘스 커넥팅 | G40: Deluxe (18sqm) | H40: 포함 | J40: 200
A41: 김현지 | B41: 4성 | C41: 인센티브 메인 FIT 추천 | D41: 탄중파가 | E41: ORCHID HOTEL | F41: 오키드 호텔 | G41: Deluxe(32sqm) | H41: 포함 | I41: 355465 | J41: 200 | Q41: 100 | T41: 226 | U41: 70
E42: ORCHID HOTEL | F42: 오키드 호텔 | G42: Deluxe (32Spm) 6방이상 | H42: 포함 | I42: 355465 | J42: 190 | Q42: 100
E43: ORCHID HOTEL | F43: 오키드 호텔 | G43: Deluxe (32Spm) 트윈 게런티 | H43: 포함 | I43: 355465 | J43: 220 | Q43: 100
A44: 김현지 | B44: 4성 | C44: 패키지 메인 | D44: 알렉산드라 | E44: MOMENTUS | F44: 모멘투스 알렉산드라 | G44: Superior (24sqm) | H44: 포함 | I44: 218000 | J44: 220 | K44: 220 | L44: 220 | M44: 220 | N44: 190 | O44: 190 | P44: 190 | Q44: 120 | R44: 25 | S44: 15 | T44: 442 | U44: 140 | W44: 프로모션 논의
E45: MOMENTUS | F45: 모멘투스 알렉산드라 | G45: Superior (24sqm) 7방 이상 | H45: 포함 | I45: 265000 | J45: 190 | K45: 190 | L45: 190 | M45: 190 | N45: 180 | O45: 180 | P45: 180 | Q45: 120
E46: MOMENTUS | F46: 모멘투스 알렉산드라 | G46: Superior (24sqm) 트윈 게런티 | H46: 포함 | I46: 265000 | J46: 220 | Q46: 120
A47: 김현지 | B47: 4성 | C47: 패키지 메인 | D47: 스티븐스 | E47: Mercure on Stevens | F47: 머큐어 스티븐스 | G47: Superior(18sqm) | H47: 포함 | I47: 204526 | J47: 220 | Q47: 85 | T47: 518 | U47: 170
E48: Mercure on Stevens 8월~ | F48: 머큐어 스티븐스 | G48: Superior(18sqm) | H48: 포함 | I48: 204526 | J48: 195 | Q48: 85
E49: Mercure on Stevens 7월 | F49: 머큐어 스티븐스 | G49: Superior(18sqm) | H49: 포함 | I49: 204526 | J49: 210 | Q49: 85
A50: 정다혜 | B50: 4.5성 | C50: FIT | D50: 로버슨 키 | E50: Studio M | F50: 스튜디오 엠 | G50: Studio loft (25sqm) | H50: 포함 | I50: 202514 | J50: 190 | Q50: 80 | R50: 15 | S50: 15 | T50: 360 | U50: 182
A51: 함소연 | B51: 4성 | C51: 패키지 서브 FIT 추천 | D51: 로버슨 키 | E51: M social 7월 ~ 12월 | F51: 엠 소셜 | G51: Alcove cosy (19sqm) | H51: 포함 | I51: 210256 | J51: 180 | Q51: 80 | R51: 15 | S51: 15 | T51: 171 | U51: 60 | W51: 프로모션 논의
E52: M social 7월 ~ 12월 | F52: 엠 소셜 | G52: Loft Gallery (22sqm) | H52: 포함 | I52: 210256 | J52: 210 | Q52: 80
E53: M social | F53: 엠 소셜 | G53: Alcove cosy (19sqm) | H53: 포함 | I53: 210256 | J53: 200 | Q53: 80 | R53: 15 | S53: 15 | T53: 171 | U53: 60
A54: 정다혜 | B54: 4성 | C54: FIT 추천 | D54: 이스트코스트 | E54: GRAND MERCURE ROXY | F54: 그랜드 머큐어 록시 | G54: Superior | H54: 포함 | I54: 237369 | J54: 230 | Q54: 85 | T54: 576 | V54: 4
E55: GRAND MERCURE ROXY | F55: 그랜드 머큐어 록시 | G55: Deluxe | H55: 포함 | I55: 261721 | J55: 250 | Q55: 85 | V55: 4
A56: 정다혜 | B56: 4성 | C56: 모두투어 메인호텔 | D56: 부기스 | E56: Mercure bugi | F56: 머큐어 부기스 | G56: Signature (2박이상) | H56: 포함 | I56: 216611 | J56: 200 | T56: 395
E57: Mercure bugis 7월~8월 | F57: 머큐어 부기스 | G57: Signature (2박이상) | H57: 포함 | I57: 216611 | J57: 238
E58: Mercure bugis 9월~ | F58: 머큐어 부기스 | G58: Signature (2박이상) | H58: 포함 | I58: 216611 | J58: 210
A59: 전보미 | B59: 4성 | C59: FIT 추천 | D59: 다운타운 | E59: Mercure ICON | F59: 머큐어 아이콘 | G59: Classic (15sqm) | H59: 별도 | I59: 219406 | J59: 188 | O59: 178 | Q59: X | R59: 20 | S59: 20 | T59: 989
E60: Mercure ICON | F60: 머큐어 아이콘 | G60: Privilege (17sqm) | H60: 별도 | J60: 208 | O60: 198 | Q60: X | R60: 20 | S60: 20
E61: Mercure ICON | F61: 머큐어 아이콘 | G61: Deluxe Tripple (17Sqm) | H61: 별도 | J61: 278 | O61: 268 | Q61: X | R61: 20 | S61: 20
A62: 정다혜 | B62: 4성 | C62: 패키지 메인 | D62: 오차드 | E62: Concorde | F62: 콩코드 싱가포르 | G62: Deluxe(31sqm) | H62: 포함 | I62: 280689 | J62: 230 | Q62: 80 | T62: 407 | U62: 152
E63: Concorde | F63: 콩코드 싱가포르 | G63: Deluxe Plus(31sqm) | H63: 포함 | I63: 304083 | J63: 250 | Q63: 80
A64: 정다혜 | B64: 4성 | C64: 패키지 메인 | D64: 노비나 | E64: Oasia Novena | F64: 오아시나 노비나 | G64: Superior (25sqm) | H64: 포함 | I64: 239909 | J64: 235 | Q64: 95 | R64: 30 | S64: 18 | T64: 482
E65: Oasia Novena ~6월 | F65: 오아시나 노비나 | G65: Superior (25sqm) | H65: 포함 | I65: 239909 | J65: 215 | Q65: 95
E66: Oasia Novena 7월~12월 | F66: 오아시나 노비나 | G66: Superior (25sqm) | H66: 포함 | I66: 239909 | J66: 225 | Q66: 95
A67: 함소연 | B67: 4성 | C67: 패키지 메인 | D67: 노베나 | E67: Aloft Novena ~12월 | F67: 알로프트 노베나 | G67: East(18sqm) 10방이상 | H67: 포함 | I67: 274930 | J67: 180 | Q67: X | R67: 30 | S67: 30 | T67: 785 | U67: 226
E68: Aloft Novena ~12월 | F68: 알로프트 노베나 | G68: West(23sqm) 10방이상 | H68: 포함 | I68: 306276 | J68: 200 | Q68: 75
A69: 김현지 | B69: 4.5성 | C69: 패키지 메인 인센티브 메인 => 월 400방 게런티 | D69: 탄중파가 | E69: M Hotel City Centre | F69: M 호텔 시티 센터 | G69: Deluxe (32sqm) | H69: 포함 | I69: 260061 | J69: 310 | K69: 310 | L69: 310 | M69: 310 | N69: 280 | O69: 280 | P69: 280 | Q69: 110 | R69: 30 | S69: 15 | T69: 415 | U69: 120
E70: M Hotel City Centre | F70: M 호텔 시티 센터 | G70: Premier (37sqm) | H70: 포함 | I70: 271375 | J70: 340 | K70: 340 | L70: 340 | M70: 340 | N70: 305 | O70: 305 | P70: 305 | Q70: 110
E71: M Hotel City Centre (10방얼랏) | F71: M 호텔 시티 센터 | G71: Deluxe (32sqm) | H71: 포함 | I71: 260061 | J71: 210 | Q71: 110 | V71: 10
E72: M Hotel City Centre (10방얼랏) | F72: M 호텔 시티 센터 | G72: Premier (37sqm) | H72: 포함 | I72: 260061 | J72: 240 | Q72: 110 | V72: 10
A73: 정다혜 | B73: 4성 | C73: 패키지 메인 FIT 추천 | D73: 오차드 | E73: Hotel Jen Tanglin | F73: 호텔 젠 탕린 | G73: Superior (25sqm) | H73: 포함 | I73: 274889 | J73: 255 | Q73: 90 | T73: 565 | U73: 110
E74: Hotel Jen Tanglin | F74: 호텔 젠 탕린 | G74: Deluxe (25sqm) | H74: 포함 | I74: 281022 | J74: 275 | Q74: 90 | V74: 5
A75: 정다혜 | B75: 4성 | C75: FIT 추천 | D75: 탄중파가 | E75: Oasia Downtown | F75: 오아시아 다운타운 | G75: Superior(23sqm) | H75: 포함 | I75: 288992 | J75: 275 | Q75: X | T75: 314
E76: Oasia Downtown | F76: 오아시아 다운타운 | G76: Deluxe(23sqm) | H76: 포함 | I76: 311649 | J76: 295 | Q76: X
A78: 함소연 | B78: 5성 | C78: 전략적 운영 | D78: 탄중파가 | E78: AMARA SINGAPORE | F78: 아마라 싱가포르 ( ~7/27) | G78: Deluxe (32sqm) | H78: 포함 | I78: 356094 | J78: 210 | Q78: 100 | R78: 36 | S78: 18 | T78: 387 | U78: 100
E79: AMARA SINGAPORE | F79: 아마라 싱가포르 ( 8월 ~ ) | G79: Deluxe (32sqm) | H79: 포함 | I79: 356094 | J79: 미 확정 220 ~ 230 | Q79: 120
A80: 정다혜 | B80: 5성 | C80: 패키지 메인 인센티브 추천 FIT 추천 =>월 720방 게런티 | D80: 오차드 | E80: ORCHARD HOTEL | F80: 오차드 호텔 | G80: Grand Deluxe | H80: 포함 | I80: 340211 | J80: 325 | K80: 325 | L80: 325 | M80: 325 | N80: 300 | O80: 300 | P80: 300 | T80: 656
E81: ORCHARD HOTEL | F81: 오차드 호텔 | G81: Premier | H81: 포함 | I81: 343133 | J81: 355 | K81: 355 | L81: 355 | M81: 355 | N81: 330 | O81: 330 | P81: 330 | Q81: 110
E82: ORCHARD HOTEL (24방 얼랏) | F82: 오차드 호텔 | G82: Garden Deluxe | H82: 포함 | I82: 340211 | J82: 240 | Q82: 110 | V82: 24
E83: 12월까지 | F83: 오차드 호텔 | G83: Premier | H83: 포함 | I83: 343133 | J83: 325 | K83: 325 | L83: 325 | M83: 325 | N83: 300 | O83: 300 | P83: 300
A84: 함소연 | B84: 5성 | C84: 5성 프로모션 | D84: 부킷 메라 | E84: Grand Copthorne Waterfront | F84: 그랜드 콥튼 워터프론트 | G84: Grand Delex (26sqm) | H84: 포함 | I84: 311436 | J84: 335 | Q84: 110 | R84: 30 | S84: 18 | T84: 438 | U84: 106
E85: Grand Copthorne Waterfront | F85: 그랜드 콥튼 워터프론트 | G85: Premier (32sqm) | H85: 포함 | I85: 322971 | J85: 365 | Q85: 110
E86: Grand Copthorne Waterfront | F86: 그랜드 콥튼 워터프론트 | G86: Grand Delex (26sqm) | H86: 포함 | I86: 311436 | J86: 270 | Q86: 110
E87: 4월~6월 프로모션 | F87: 그랜드 콥튼 워터프론트 | G87: Premier (32sqm) | H87: 포함 | I87: 322971 | J87: 300 | Q87: 110
A88: 전보미 | B88: 5성 | C88: FIT 추천 | D88: 다운타운 | E88: Grand Park City hall | F88: 그랜드 파크 시티홀 | G88: Deluxe Room | H88: 포함 | I88: 383924 | J88: 310 | Q88: 110 | R88: 30 | S88: 20 | T88: 343 | U88: 103
E89: Grand Park City hall | F89: 2026년 3월까지 | G89: Premier Room | H89: 포함 | I89: 434432 | J89: 360 | Q89: 110
A90: 전보미 | B90: 5성 | C90: 5성 프로모션 리조트 상품 | D90: 센토사 | E90: Sofitel Sentosa | F90: 센토사 소피텔 리조트 | G90: Luxury (36sqm) | H90: 포함 | I90: 601747 | J90: 390 | K90: 390 | L90: 390 | M90: 390 | N90: 460 | O90: 460 | P90: 390 | Q90: 120 | R90: 60 | S90: 25 | T90: 215 | U90: 46
E91: Sofitel Sentosa | F91: 센토사 소피텔 리조트 | G91: Luxury Garden(36sqm) | H91: 포함 | I91: 714834 | J91: 420 | K91: 420 | L91: 420 | M91: 420 | N91: 500 | O91: 500 | P91: 420 | Q91: 120
E92: Sofitel Sentosa ~6월 | F92: 센토사 소피텔 리조트 | G92: Luxury | H92: 포함 | I92: 601747 | J92: 300 | K92: 300 | L92: 300 | M92: 300 | N92: 350 | O92: 350 | P92: 300 | Q92: 120
E93: Sofitel Sentosa 7월~1월 | F93: 센토사 소피텔 리조트 | G93: Luxury | H93: 포함 | I93: 601747 | J93: 330 | K93: 330 | L93: 330 | M93: 330 | N93: 350 | O93: 350 | P93: 330 | Q93: 120
A94: 전보미 | B94: 5성 | C94: 5성 유지 인센 대형 추천 | D94: 시티홀 | E94: Swissotel The stamford | F94: 스위소텔 스템포드 | G94: Premier (40sqm) | H94: 포함 | I94: 561369 | J94: 488 | Q94: 100 | R94: 47 | S94: 20 | T94: 1252
E95: Swissotel The stamford | F95: 스위소텔 스템포드 45일전 | G95: Premier (~12월 프로모션) | H95: 포함 | I95: 561339 | J95: 366 | Q95: 100
E96: Swissotel The stamford | F96: 스위소텔 스템포드 | G96: Habour view (3박이상) | H96: 포함 | I96: 561339 | J96: 402 | Q96: 100
E97: Swissotel The stamford | F97: 스위소텔 스템포드 | G97: Premier Habour view | H97: 포함 | I97: 616589 | J97: 536 | Q97: 100
A98: 전보미 | B98: 5성 | C98: 상용 | D98: 시티홀 | E98: Farimont Singapre | F98: 페어몬트 | G98: Fairmont Room (40sqm) | H98: 포함 | I98: 601747 | J98: 517 | Q98: 100 | R98: 47 | S98: 20 | T98: 778
E99: Farimont Singapre | F99: 페어몬트 45일전 | G99: Fairmont Room (~12월 프로모션) | H99: 포함 | I99: 561339 | J99: 388 | Q99: 100
E100: Farimont Singapre | F100: 페어몬트 | G100: Deluxe Room(3박이상) | H100: 포함 | I100: 561339 | J100: 423 | Q100: 100
E101: Farimont Singapre | F101: 페어몬트 | G101: Deluxe Room | H101: 포함 | I101: 647249 | J101: 565 | Q101: 100
A102: 김현지 | B102: 5성 | C102: 홈쇼핑요금 | D102: 센토사 | E102: Oasia sentosa ~ 12월 | F102: 오아시아 센토사 | G102: Primier room (Twin) | H102: 포함 | J102: 280 | Q102: 100 | R102: 40 | S102: 20 | T102: 191
...

Sheet 호텔 (2)
A1: 한글 호텔명 | B1: 영문 호텔명 | C1: 등급 | D1: 룸 카테고리(SQM) | E1: 조식 | F1: 기간 시작일 | G1: 기간 종료일 | H1: 월 | I1: 화 | J1: 수 | K1: 목 | L1: 금 | M1: 토 | N1: 일 | O1: 엑스트라 | P1: 조식(A) | Q1: 조식(C) | R1: 금액 | S1: 엑스트라베드 | T1: 얼랏먼트 | U1: 위치 | V1: ReMark
A2: 이비스 노베나 | B2: IBIS Novena | C2: 3성 | D2: Standard (18sqm) | E2: 포함 | F2: 45658 | G2: 45838 | H2: 155 | O2: X | P2: 24.95 | Q2: 10 | R2: 241 | S2: 74 | U2: 노베나 | V2: 인센티브 저가 호텔
A3: 이비스 노베나 | B3: IBIS Novena | D3: Standard 8방이상 | E3: 포함 | F3: 45658 | G3: 45838 | H3: 145 | O3: X
A4: 이비스 노베나 | B4: IBIS Novena 7월~8월 | D4: Standard | E4: 포함 | F4: 45839 | G4: 45900 | H4: 175 | O4: X
A5: 이비스 노베나 | B5: IBIS Novena | D5: Standard (18sqm) | E5: 포함 | F5: 45901 | G5: 46022 | H5: 155 | O5: X
A6: 이비스 노베나 | B6: IBIS Novena | D6: Standard 8방이상 | E6: 포함 | F6: 45901 | G6: 46022 | H6: 145 | O6: X
A7: 이비스 노베나 | B7: IBIS Novena | D7: Triple & Family(20sqm) | E7: 포함 | F7: 45658 | G7: 46022 | H7: 215 | O7: X
A8: 호텔 보스 | B8: Hotel Boss | C8: 3.5성 | D8: Superior(14sqm) | E8: 포함 | F8: 45658 | G8: 46022 | H8: 173 | O8: 93 | P8: 13 | Q8: 13 | R8: 1500 | S8: 428 | U8: 무스타파 | V8: 인센티브 트윈 게런티 FIT 추천
A9: 호텔 보스 | B9: Hotel Boss | D9: Superior(14sqm) 트윈 게런티 | E9: 포함 | F9: 45658 | G9: 46022 | H9: 185
A10: 호텔 보스 | B10: Hotel Boss | D10: premier(17sqm) | E10: 포함 | F10: 45658 | G10: 46022 | H10: 189
A11: V 호텔 라벤더 | B11: V Hotel Lavender | C11: 4성 | D11: Superior(14sqm) | E11: 포함 | F11: 45658 | G11: 46022 | H11: 173 | O11: 93 | P11: 13 | Q11: 13 | R11: 888 | S11: 261 | U11: 무스타파 | V11: 인센티브 트윈 게런티
A12: V 호텔 라벤더 | B12: V Hotel Lavender | D12: Superior(14sqm) 트윈 게런티 | E12: 포함 | F12: 45658 | G12: 46022 | H12: 185
A13: V 호텔 라벤더 | B13: V Hotel Lavender | D13: premier(16sqm) | E13: 포함 | F13: 45658 | G13: 46022 | H13: 189
A14: V 호텔 벤쿨린 | B14: V Hotel Bencoolen | C14: 3.5성 | D14: Superior(14sqm) | E14: 포함 | F14: 45658 | G14: 46022 | H14: 169 | O14: X | P14: 13 | Q14: 13 | R14: 272 | U14: 부기스 | V14: FIT 추천
A15: V 호텔 벤쿨린 | B15: V Hotel Bencoolen | D15: premier(16sqm) | E15: 포함 | F15: 45658 | G15: 46022 | H15: 189 | O15: X
A16: 호텔 MI 벤클론 | B16: Hotel Mi Bencoolen | C16: 3.5성 | D16: Superior(14sqm) | E16: 포함 | F16: 45658 | G16: 46022 | H16: 177 | O16: X | P16: 13 | Q16: 13 | R16: 342 | U16: 부기스 | V16: 패키지 메인
A17: 호텔 MI 벤클론 | B17: Hotel Mi Bencoolen | D17: premier(17sqm) | E17: 포함 | F17: 45658 | G17: 46022 | H17: 197 | O17: X
A18: 호텔 MI 로초르 | B18: Hotel Mi Rochor | C18: 3.5성 | D18: Superior(15sqm) | E18: 포함 | F18: 45658 | G18: 46022 | H18: 177 | O18: X | P18: 13 | Q18: 13 | R18: 530 | U18: 로처 | V18: 패키지 서브 인센티브 서브
A19: 호텔 MI 로초르 | B19: Hotel Mi Rochor | D19: premier(17sqm) | E19: 포함 | F19: 45658 | G19: 46022 | H19: 197 | O19: X
A20: 홀리데이인 익스프레스 카통 | B20: Holiday Inn Express Katong | C20: 3.5성 | D20: Standardr(19sqm) | E20: 포함 | F20: 45658 | G20: 46022 | H20: 200 | O20: X | R20: 451 | U20: 카통 | V20: FIT 추천
A21: 홀리데이인 익스프레스 카통 | B21: Holiday Inn Express Katong | D21: Standardr(19sqm) 8방이상 | E21: 포함 | F21: 45658 | G21: 46022 | H21: 180 | O21: X
A22: M 호텔 시티 센터 | B22: M Hotel City Centre | C22: 4.5성 | D22: Deluxe (32sqm) | E22: 포함 | F22: 45658 | G22: 46022 | H22: 310 | I22: 310 | J22: 310 | K22: 310 | L22: 280 | M22: 280 | N22: 280 | O22: 110 | P22: 30 | Q22: 15 | R22: 415 | S22: 120 | U22: 탄중파가 | V22: 패키지 메인 인센티브 메인 => 월 400방 게런티
A23: M 호텔 시티 센터 | B23: M Hotel City Centre | D23: Premier (37sqm) | E23: 포함 | F23: 45658 | G23: 46022 | H23: 340 | I23: 340 | J23: 340 | K23: 340 | L23: 305 | M23: 305 | N23: 305 | O23: 110
A24: M 호텔 시티 센터 | B24: M Hotel City Centre (10방얼랏) | D24: Deluxe (32sqm) | E24: 포함 | F24: 45658 | G24: 46022 | H24: 210 | O24: 110 | T24: 10
A25: M 호텔 시티 센터 | B25: M Hotel City Centre (10방얼랏) | D25: Premier (37sqm) | E25: 포함 | F25: 45658 | G25: 46022 | H25: 240 | O25: 110 | T25: 10
A26: 호텔 젠 탕린 | B26: Hotel Jen Tanglin | C26: 4성 | D26: Superior (25sqm) | E26: 포함 | F26: 45658 | G26: 46022 | H26: 255 | O26: 90 | R26: 565 | S26: 110 | U26: 오차드 | V26: 패키지 메인 FIT 추천
A27: 호텔 젠 탕린 | B27: Hotel Jen Tanglin | D27: Deluxe (25sqm) | E27: 포함 | F27: 45658 | G27: 46022 | H27: 275 | O27: 90 | T27: 5
A28: 오아시아 다운타운 | B28: Oasia Downtown | C28: 4성 | D28: Superior(23sqm) | E28: 포함 | F28: 45658 | G28: 46022 | H28: 275 | O28: X | R28: 314 | U28: 탄중파가 | V28: FIT 추천
A29: 오아시아 다운타운 | B29: Oasia Downtown | D29: Deluxe(23sqm) | E29: 포함 | F29: 45658 | G29: 46022 | H29: 295 | O29: X
A31: 아마라 싱가포르 ( ~7/27) | B31: AMARA SINGAPORE | C31: 5성 | D31: Deluxe (32sqm) | E31: 포함 | H31: 210 | O31: 100 | P31: 36 | Q31: 18 | R31: 387 | S31: 100 | U31: 탄중파가 | V31: 전략적 운영
A32: 아마라 싱가포르 ( 8월 ~ ) | B32: AMARA SINGAPORE | D32: Deluxe (32sqm) | E32: 포함 | H32: 미 확정 220 ~ 230 | O32: 120
A33: 오차드 호텔 | B33: ORCHARD HOTEL | C33: 5성 | D33: Grand Deluxe | E33: 포함 | H33: 325 | I33: 325 | J33: 325 | K33: 325 | L33: 300 | M33: 300 | N33: 300 | R33: 656 | U33: 오차드 | V33: 패키지 메인 인센티브 추천 FIT 추천 =>월 720방 게런티
A34: 오차드 호텔 | B34: ORCHARD HOTEL | D34: Premier | E34: 포함 | H34: 355 | I34: 355 | J34: 355 | K34: 355 | L34: 330 | M34: 330 | N34: 330 | O34: 110
A35: 오차드 호텔 | B35: ORCHARD HOTEL (24방 얼랏) | D35: Garden Deluxe | E35: 포함 | H35: 240 | O35: 110 | T35: 24
A36: 오차드 호텔 | B36: 12월까지 | D36: Premier | E36: 포함 | H36: 325 | I36: 325 | J36: 325 | K36: 325 | L36: 300 | M36: 300 | N36: 300
A37: 그랜드 콥튼 워터프론트 | B37: Grand Copthorne Waterfront | C37: 5성 | D37: Grand Delex (26sqm) | E37: 포함 | H37: 335 | O37: 110 | P37: 30 | Q37: 18 | R37: 438 | S37: 106 | U37: 부킷 메라 | V37: 5성 프로모션
A38: 그랜드 콥튼 워터프론트 | B38: Grand Copthorne Waterfront | D38: Premier (32sqm) | E38: 포함 | H38: 365 | O38: 110
A39: 그랜드 콥튼 워터프론트 | B39: Grand Copthorne Waterfront | D39: Grand Delex (26sqm) | E39: 포함 | H39: 270 | O39: 110
A40: 그랜드 콥튼 워터프론트 | B40: 4월~6월 프로모션 | D40: Premier (32sqm) | E40: 포함 | H40: 300 | O40: 110
A41: 그랜드 파크 시티홀 | B41: Grand Park City hall | C41: 5성 | D41: Deluxe Room | E41: 포함 | H41: 310 | O41: 110 | P41: 30 | Q41: 20 | R41: 343 | S41: 103 | U41: 다운타운 | V41: FIT 추천
A42: 2026년 3월까지 | B42: Grand Park City hall | D42: Premier Room | E42: 포함 | H42: 360 | O42: 110
A43: 센토사 소피텔 리조트 | B43: Sofitel Sentosa | C43: 5성 | D43: Luxury (36sqm) | E43: 포함 | H43: 390 | I43: 390 | J43: 390 | K43: 390 | L43: 460 | M43: 460 | N43: 390 | O43: 120 | P43: 60 | Q43: 25 | R43: 215 | S43: 46 | U43: 센토사 | V43: 5성 프로모션 리조트 상품
A44: 센토사 소피텔 리조트 | B44: Sofitel Sentosa | D44: Luxury Garden(36sqm) | E44: 포함 | H44: 420 | I44: 420 | J44: 420 | K44: 420 | L44: 500 | M44: 500 | N44: 420 | O44: 120
A45: 센토사 소피텔 리조트 | B45: Sofitel Sentosa ~6월 | D45: Luxury | E45: 포함 | H45: 300 | I45: 300 | J45: 300 | K45: 300 | L45: 350 | M45: 350 | N45: 300 | O45: 120
A46: 센토사 소피텔 리조트 | B46: Sofitel Sentosa 7월~1월 | D46: Luxury | E46: 포함 | H46: 330 | I46: 330 | J46: 330 | K46: 330 | L46: 350 | M46: 350 | N46: 330 | O46: 120
A47: 스위소텔 스템포드 | B47: Swissotel The stamford | C47: 5성 | D47: Premier (40sqm) | E47: 포함 | H47: 488 | O47: 100 | P47: 47 | Q47: 20 | R47: 1252 | U47: 시티홀 | V47: 5성 유지 인센 대형 추천
A48: 스위소텔 스템포드 45일전 | B48: Swissotel The stamford | D48: Premier (~12월 프로모션) | E48: 포함 | H48: 366 | O48: 100
A49: 스위소텔 스템포드 | B49: Swissotel The stamford | D49: Habour view (3박이상) | E49: 포함 | H49: 402 | O49: 100
A50: 스위소텔 스템포드 | B50: Swissotel The stamford | D50: Premier Habour view | E50: 포함 | H50: 536 | O50: 100
A51: 페어몬트 | B51: Farimont Singapre | C51: 5성 | D51: Fairmont Room (40sqm) | E51: 포함 | H51: 517 | O51: 100 | P51: 47 | Q51: 20 | R51: 778 | U51: 시티홀 | V51: 상용
A52: 페어몬트 45일전 | B52: Farimont Singapre | D52: Fairmont Room (~12월 프로모션) | E52: 포함 | H52: 388 | O52: 100
A53: 페어몬트 | B53: Farimont Singapre | D53: Deluxe Room(3박이상) | E53: 포함 | H53: 423 | O53: 100
A54: 페어몬트 | B54: Farimont Singapre | D54: Deluxe Room | E54: 포함 | H54: 565 | O54: 100
A55: 오아시아 센토사 | B55: Oasia sentosa ~ 12월 | C55: 5성 | D55: Primier room (Twin) | E55: 포함 | H55: 280 | O55: 100 | P55: 40 | Q55: 20 | R55: 191 | U55: 센토사 | V55: 홈쇼핑요금
A56: 오아시아 센토사 | B56: Oasia sentosa | D56: Premier room (Triple) | E56: 포함 | H56: 375 | O56: 100
A57: 몬드리안 덕스턴 | B57: Mondrian Duxton | C57: 5성 | D57: Duxton Room | E57: 포함 | H57: 280 | O57: X | P57: 47.96 | Q57: 24 | R57: 302 | S57: 38 | U57: 탄중파가 | V57: FIT 추천
A58: 몬드리안 덕스턴 | B58: Mondrian Duxton | D58: Pinnacle Room | E58: 포함 | H58: 360 | O58: X
A59: 샹그릴라 오차드 (7월~8월) | B59: Shangri-la Orchard | C59: 5성 | D59: Tower wing / Deluxe | E59: 포함 | H59: 445 | O59: 130 | R59: 358 | S59: 51 | U59: 오차드 | V59: 인센 대형 추천
A60: 샹그릴라 오차드 (7월~8월) | B60: Shangri-la Orchard | D60: Garden wing / Deluxe | E60: 포함 | H60: 482 | O60: 130
A61: 샹그릴라 오차드 | B61: Shangri-la Orchard | D61: Tower wing / Deluxe | E61: 포함 | H61: 487 | L61: 386 | O61: 130
A62: 샹그릴라 오차드 | B62: Shangri-la Orchard | D62: Garden wing / Deluxe | E62: 포함 | H62: 540 | L62: 429 | O62: 130
A63: 샹그릴라 라사 센토사 | B63: Shangri-la rasa sentosa | C63: 5성 | D63: Superior Hill View | E63: 포함 | H63: 437 | O63: 130 | R63: 262 | S63: 72 | U63: 센토사 | V63: 비치 리조트 7/8월 서차지 50 SGD
A64: 샹그릴라 라사 센토사 | B64: Shangri-la rasa sentosa | D64: Deluxe Sea View | E64: 포함 | H64: 494 | O64: 130 | S64: 49
A65: 만다린 오리엔탈 | B65: Mandrin Oreintal ~ 3월 | C65: 5성 | D65: Deluxe(City View) | E65: 포함 | H65: 540 | O65: 100 | P65: 36 | Q65: 18 | R65: 510 | U65: 마리나베이 | V65: 럭셔리 5성 (얼랏먼트 보유)
A66: 만다린 오리엔탈 | B66: Mandrin Oreintal ~ 3월 | D66: Sea view | E66: 포함 | H66: 620 | O66: 100 | T66: 4
A67: 만다린 오리엔탈 | B67: Mandrin Oreintal ~ 3월 | D67: Primer Family | E67: 포함 | H67: 720 | O67: 100 | T67: 2
A68: 만다린 오리엔탈 | B68: Mandrin Oreintal ~ 3월 | D68: Marina Bay view | E68: 포함 | H68: 880 | L68: 830 | O68: 180 | T68: 1
A70: 푸라마 리버프론트 | B70: FURAMA RIVERFRONT | C70: 4성 | D70: Superior | E70: 포함 | H70: 220 | O70: 80 | U70: 로버슨 키 | V70: 경쟁력 부족
A71: 푸라마 리버프론트 | B71: FURAMA RIVERFRONT | D71: Deluxe | E71: 포함 | H71: 240 | O71: 80
A72: 푸라마 시티센터 | B72: FURAMA CITY CENTRE | C72: 4성 | D72: Superior | E72: 포함 | H72: 240 | O72: 80 | U72: 클락키 | V72: 경쟁력 부족
A73: 푸라마 시티센터 | B73: FURAMA CITY CENTRE | D73: Deluxe | E73: 포함 | H73: 260 | O73: 80
A74: 노보텔 키처너 로드 | B74: Novotel on Kitchener | C74: 4성 | D74: Superior 9방이하 | E74: 포함 | H74: 250 | I74: 250 | J74: 250 | K74: 250 | L74: 230 | M74: 230 | N74: 230 | O74: 100 | P74: 25 | Q74: 12.5 | R74: 543 | U74: 무스타파 | V74: 경쟁력 부족
A75: 노보텔 키처너 로드 | B75: Novotel on Kitchener | D75: Deluxe 9방이하 | E75: 포함 | H75: 270 | I75: 270 | J75: 270 | K75: 270 | L75: 250 | M75: 250 | N75: 250 | O75: 100
A76: 노보텔 온 스티븐스 | B76: Novotel on Steven | C76: 4성 | D76: Superior / 최소 2박 | E76: 포함 | H76: 305 | U76: 스티븐스 | V76: 경쟁력 부족
A77: 노보텔 온 스티븐스 | B77: Novotel on Steven | D77: Deluxe / 최소 2박 | E77: 포함 | H77: 345
A78: 로버슨 하우스 | B78: The Robertson House | C78: 5성 | D78: Duxton Room | E78: 포함 | H78: 280 | O78: X | U78: 싱가포르 리버 | V78: 경쟁력 부족
A79: 로버슨 하우스 | B79: The Robertson House | D79: Premier Room | E79: 포함 | H79: 340 | O79: X
A80: 더클랜 호텔 싱가포르 | B80: The Clan Hotel | C80: 5성 | D80: Deluxe | E80: 포함 | H80: 320 | I80: 320 | J80: 320 | K80: 320 | L80: 320 | M80: 320 | N80: 320 | O80: X | R80: 324 | U80: 래플스 | V80: 경쟁력 검증 필요 FIT 선호
A81: 더클랜 호텔 싱가포르 | B81: The Clan Hotel | D81: Premier | E81: 포함 | H81: 435 | I81: 435 | J81: 435 | K81: 435 | L81: 435 | M81: 435 | N81: 435
A82: 더클랜 호텔 싱가포르 | B82: The Clan Hotel | D82: Deluxe (8방이상) | E82: 포함
A83: 더클랜 호텔 싱가포르 | B83: The Clan Hotel | D83: Premier (8방이상) | E83: 포함
A84: 랑데뷰 | B84: Rendezvous Bras Basha | C84: 4성 | D84: Superior | H84: 250 | I84: 250 | J84: 250 | K84: 250 | L84: 250 | M84: 250 | N84: 250 | V84: 경쟁력 검증 필요
A85: 랑데뷰 | B85: Rendezvous Bras Basha | D85: Deluxe | H85: 270 | I85: 270 | J85: 270 | K85: 270 | L85: 270 | M85: 270 | N85: 270
A86: 랑데뷰 | B86: Rendezvous Orchard | C86: 4성 | D86: Superior | H86: 250 | V86: 경쟁력 검증 필요
A87: 랑데뷰 | B87: Rendezvous Orchard | C87: 4성 | D87: Deluxe | H87: 270
A88: 원페러 ( ~ 6월) | B88: One Farrer Hotel | C88: 5성 | D88: Mint Room | H88: 270 | O88: 100
A89: 원페러 ( 7월~ 12월) | B89: One Farrer Hotel | D89: Mint Room | H89: 300 | O89: 100
A90: 홀리데이인 익스프레스 노베나
A91: 홀리데이인 익스프레스 노베나
A92: 홀리데이인 익스프레스 카통
A93: 홀리데이인 익스프레스 카통
A94: 콥튼 킹스
A95: 콥튼 킹스
A96: 빌리지 카통
A97: 빌리지 카통
A98: 빌리지 호텔 창이 | B98: village hotel Changi | C98: 4성 | D98: Superior(25qm) | H98: 170 | O98: 90 | P98: 20 | Q98: 20 | R98: 380
A99: 빌리지 호텔 창이 | B99: village hotel Changi | C99: 4성 | D99: Deluxe | H99: 180 | O99: 90 | P99: 20 | Q99: 20 | R99: 380
A100: 풀만오차드
A101: 아웃포스트
A102: 빌리지 센토사 | H102: 240 | U102: 센토사 | V102: 인세티브 학단
...

Sheet 일정
E1: 검증요금 | G1: 워킹 요금 | I1: 참고사항
A2: 구분 | B2: 영어명칭 | C2: 한글명칭 | E2: 성인요금 | F2: 아동요금
A3: 테마파크/워터파크 | B3: Universal Studios Singapore | C3: 유니버셜 스튜디오 싱가포르 | E3: 75.3 | F3: 59.3 | G3: 83 | H3: 62
A4: 테마파크/워터파크 | B4: USS Express Single/Unlimited (Regular) | C4: USS 익스프레스 싱글(노멀시즌) | E4: 85 | G4: 100 | H4: 100 | I4: 6월까지 EXPRESS 중단됨
A5: 테마파크/워터파크 | B5: USS Express Single/Unlimited (Peak) | C5: USS 익스프레스 싱글(피크시즌) | E5: 111 | G5: 110 | H5: 110
A6: 테마파크/워터파크 | B6: Admission + Express Pass (Single) - Super Peak Festive | C6: USS 익스프레스 싱글 (피크시즌) | E6: 196 | G6: 205 | H6: 205
A7: 체험/액티비티 | B7: Harry Potter: Visions of Magic | C7: 헤리포터 마법의 비젼 | E7: 49 | F7: 39 | G7: 69 | H7: 59
A8: 테마파크/워터파크 | B8: Adventure Cove Waterpark | C8: 어드벤처 코브 원터 파크 | E8: 35.3 | F8: 28.3 | G8: 40 | H8: 32
A9: 동물원/아쿠아리움 | B9: S.E.A. Aquarium | C9: S.E.A. 아쿠아리움 | E9: 41.3 | F9: 31.3 | G9: 44 | H9: 33
A10: 전망대/케이블카 | B10: Singapore Cable Car - Sky pass | C10: 센토사 케이블카 2라인 | E10: 22 | F10: 18 | G10: 35 | H10: 25 | I10: 2024년 5월부로 요금 인상
A11: 전망대/케이블카 | B11: Singapore Cable Car - Mount Faber Line | C11: 센토사 케이블카 1라인(마운틴페이버) | E11: 20 | F11: 15 | G11: 33 | H11: 22
A12: 어트랙션/티켓 | B12: SkyHelix Sentosa | C12: 스카이헬릭스 센토사 | E12: 13.5 | F12: 11 | G12: 20 | H12: 17
A13: 어트랙션/티켓 | B13: Wings of Time ( 7:40, Open / 8:40 ) | C13: 윙스오브타임 7:40 오픈 , 8/40분 입장 | E13: 11 | G13: 19 | H13: 19 | I13: 8시40분 9 SGD
A14: 어트랙션/티켓 | B14: Wings of Time ( 7:40, Open / 8:40 ) VIP | C14: 윙스오브타임 7:40 오픈 , 8/40분 입장 | E14: 19 | G14: 28 | H14: 28
A15: 어트랙션/티켓 | B15: Wings of Time - 7.40PM + Good Old Days Buffet | C15: 윙스오브타임 7:40 + 굳 올드데이스 뷔페 | E15: 26 | G15: 49
A16: 어트랙션/티켓 | B16: Wings of Time - 8.40PM + Good Old Days Buffet | C16: 윙스오브타임 8:40 + 굳 올드데이스 뷔페 | E16: 24 | G16: 49
A17: 어트랙션/티켓 | B17: Wings of Time Open+Cable Car(1 Round)+Good Old Days Buffet | C17: 윙스오브타임 오픈+케이블카1회왕복+뷔페 | E17: 43 | F17: 39 | G17: 84 | H17: 74
A18: 어트랙션/티켓 | B18: Madame Tussauds Sentosa | C18: 마담투소 (Marvel 4D, Digphoto 포함) | E18: 26.8 | G18: 48
A19: 어트랙션/티켓 | B19: Madame Tussauds Sentosa | C19: 마담투소 (Marvel 4D 불포함) | E19: 22.8 | G19: 42
A20: 어트랙션/티켓 | B20: Skyline Luge Singapore( 3 rounds) | C20: 센토사 스카이라인 루지&스카이라이드(3회) | E20: 31.5 | G20: 35
A21: 어트랙션/티켓 | B21: Big Bus Singapore | C21: 2층 버스 (빅버스) | E21: 17 | F21: 17 | G21: 59 | H21: 49
A22: 어트랙션/티켓 | B22: Singapore DUCKtours | C22: 싱가포르 덕투어 | E22: 33.75 | F22: 26 | G22: 45 | H22: 35
A23: 어트랙션/티켓 | B23: Funvee + Duck | C23: 2층버스 + 빅버스 | E23: 49.3 | F23: 35.3 | G23: 70 | H23: 50
A24: 어트랙션/티켓 | B24: Funvee Bus | C24: 2층 버스 (펀비버스) - 2시간 1일 | E24: 21.3 | F24: 14.3 | G24: 30 | H24: 20
A25: 어트랙션/티켓 | B25: Gardens by the Bay - Cloud Forest+Supertree Observatory | C25: 가든스바이더베이 클라우드 + 슈퍼트리전망대 | E25: 18.3 | F25: 10.3 | G25: 34 | H25: 21
A26: 어트랙션/티켓 | B26: Gardens by the Bay Flower Dome+Supertree Observatory | C26: 가든스바이더베이 플라워돔+슈퍼트리 전망대 | E26: 18.2 | F26: 10.2 | G26: 32 | H26: 18 | I26: 5/29~3/31 쥬랴기
A27: 어트랙션/티켓 | B27: Gardens by the Bay - Flower Dome+Cloud Forest | C27: 가든스바이더베이 2돔 ( 쥬랴기 ) | E27: 28.3 | F27: 20.3
A28: 어트랙션/티켓 | B28: National Orchid Gardens | C28: 내셔널 오키드 가든 | E28: 7.5 | F28: 7.5 | G28: 15 | H28: 15
A29: 어트랙션/티켓 | B29: Singapore Flyer | C29: 싱가포르 플라이어 | E29: 36.3 | F29: 22.8 | G29: 40 | H29: 25 | I29: 1달 점검으로 미운영 예정, 시부 에어 요금체크
A30: 체험/액티비티 | B30: Singapore River Cruise | C30: 리버크루즈 (리버보트) | E30: 15 | F30: 15 | G30: 28 | H30: 18
A31: 체험/액티비티 | B31: National University of Singapore Tour | C31: 싱가포르 국립대학(NUS) 재학생 투어 (차량당) | E31: 200 | F31: 200
A32: 박물관/갤러리 | B32: National Museum of Singapore | C32: 싱가포르 국립 박물관 | E32: 13.3 | F32: 10.3 | G32: 15 | H32: 11
A33: 박물관/갤러리 | B33: National Gallery | C33: 싱가포르 내셔널 갤러리 | E33: 10.3 | F33: 10.3 | G33: 20 | H33: 14
A34: 박물관/갤러리 | B34: Science Centre Singapore | C34: 싱가포르 사이언스 센터 (옴니극장 포함) | E34: 8.3 | F34: 5.8 | G34: 12 | H34: 8
A35: 전망대/케이블카 | B35: SkyPark Observation Deck (peak) | C35: 마리나베이 샌즈 스카이파크 전망대 | E35: 34.3 | F35: 29.3 | G35: 36 | H35: 32
A36: 전망대/케이블카 | B36: SkyPark Observation Deck (non Peak) | C36: 마리나베이 샌즈 스카이파크 전망대 | E36: 30.3 | F36: 29.3 | G36: 32 | H36: 28 | I36: 시부 에어 요금 체크
A37: 동물원/아쿠아리움 | B37: Night Safari | C37: 나이트 사파리 | E37: 42.84 | F37: 29.84 | G37: 50.4 | H37: 35.1 | I37: 2024년 4월 1일 인상 요금 반영
A38: 동물원/아쿠아리움 | B38: River Wonders | C38: 리버원더스 (리버사파리) | E38: 23.5 | F38: =15.5+5 -> 20.5 | G38: 43 | H38: 31 | K38: 48++
A39: 동물원/아쿠아리움 | B39: River Wonders (+Boat) | C39: 리버원더스 (리버사파리, 보트 포함) | E39: =E38+5 -> 28.5 | F39: =F38+5 -> 25.5 | G39: =G38+5 -> 48 | H39: =H38+5 -> 36 | K39: 20
A40: 동물원/아쿠아리움 | B40: Bird Paradise | C40: 버드 파라다이스 | E40: 24.5 | F40: 24.5 | G40: 49 | H40: 34 | J40: 54.3 | K40: =J40-E40 -> 29.8 | L40: =E38/2 -> 11.75
A41: 단독 프로모션 | B41: Bird Paradise+penguin Luch | C41: 버드 파라다이스 + 팽귄 뷔폐 | E41: 54.3 | F41: 48.9
A42: 동물원/아쿠아리움 | B42: Bird Paradise+River Wonders | C42: 버드 파라다이스 + 리버원더스 | E42: 76 | F42: 47.5 | G42: 80 | H42: 50 | J42: =J40+L40 -> 66.05
A43: 동물원/아쿠아리움 | B43: Singapore Zoo | C43: 싱가포르 동물원 | E43: 41.65 | F43: 28.9 | G43: 49 | H43: 34
B44: (Ekiosk) YachtCruise City Skyline Cruise + Mocktail (1Hr) | E44: 40 | F44: 40 | G44: 60 | H44: 60
A46: 무료 관광지 | B46: Sentosa Siloso Beach | C46: 실로소 비치 센토사
A47: 무료 관광지 | B47: Little India | C47: 리틀인디아
A48: 무료 관광지 | B48: Marina Barrage | C48: 마리나 버라지
A49: 무료 관광지 | B49: Mount Faber Park | C49: 마운트 페이버 공원
A50: 무료 관광지 | B50: Merion Park (Night) | C50: 멀라이언 파크 (야간)
A51: 무료 관광지 | B51: Merion Park (Day) | C51: 멀라이언 파크 (주간)
A52: 무료 관광지 | B52: Singapore Botanic Gardens | C52: 보타닉 가든
A53: 무료 관광지 | B53: Bugis Street | C53: 부기스 스트리트 시장
A54: 무료 관광지 | B54: Southern Ridges | C54: 서던 리지스
A55: 무료 관광지 | B55: Arab Street | C55: 아랍 스트리트
A56: 무료 관광지 | B56: Emerald Hill | C56: 에메랄드 힐
A57: 무료 관광지 | B57: Esplanade - Theatres on the Bay | C57: 에스플러네이드 - 베이 극장
... A70: 무료 관광지 | B70: Singapore City Gallery | C70: 싱가포르 시티 갤러리
A72: 투어/여행 | B72: 센토사 섬 투어 1 : 케이블카, 스카이라인 루지&스카이라이드(2회), 센토사 섬 자유시간
A73: 투어/여행 | B73: 센토사 섬 투어 2 : S.E.A. 아쿠아리움, 유니버셜 스튜디오 싱가포르
A74: 투어/여행 | B74: 저녁뷔페(Good Old Days) - 나이트 루지 - 윙스오브타임 - 이미지나이트 - Sensory Scape
A75: 투어/여행 | B75: 일일투어 1: 보타닉 가든, 차이나타운, 싱가포르 시티 갤러리, 리버 원더스, 마리나베이샌즈 쇼핑몰
A76: 투어/여행 | B76: 일일투어 2: 보타닉 가든, 차이나타운, 싱가포르 시티 갤러리, 버드 파라다이스(주롱새공원), 마리나베이샌즈 쇼핑몰
A77: 투어/여행 | B77: 일일투어 3: 보타닉 가든, 차이나타운, 싱가포르 시티 갤러리, 싱가포르 동물원, 마리나베이샌즈 쇼핑몰
A78: 투어/여행 | B78: 일일투어 4: 아랍 스트리트, 하지 레인, 리틀인디아, 부기스 스트리트, 오차드 로드
A79: 투어/여행 | B79: 일일투어 5: 가든스 바이 더 베이(플라워돔+클라우드 포레스트), 리틀인디아, 부기스 스트리트, 오차드 로드
A80: 투어/여행 | B80: 야간투어: 리버크루즈, 가든스바이더베이 슈퍼트리 가든랩소디쇼, 마리나베이샌즈 스팩트라쇼
A81: 투어/여행 | B81: 역사투어 1(주간): 내셔널 갤러리, 아트하우스, 빅토리아홀, 더 풀러턴 호텔 헤리티지 갤러리, 멀라이언 공원
A82: 투어/여행 | B82: 컬쳐투어 1(주간): 차이나타운, 불아사, 스리마리암만 사원, 싱가포르 시티 갤러리
A83: 투어/여행 | B83: 컬쳐투어 2(주간) : 아랍 스트리트, 하지 래인, 술탄 모스크, 아랍 향수 가게, 말레이 헤리티지 센터(외관)

Sheet 식사
E1: 검증요금
A2: 종류 | B2: 식당명 | C2: 구분 | D2: 주요 메뉴 | E2: 성인요금 | F2: 아동요금 | G2: 최대인원
A3: 한식 | B3: (석식) SBCD 코리안 두부 하우스 | C3: 일반식 | D3: 순두부 돼지고기볶음 세트 | E3: 25 | F3: 25
A4: 한식 | B4: SBCD두부하우스 | C4: 특식 | D4: 순두부 LA갈비 세트 | E4: 40 | F4: 40
A5: 한식 | B5: 고려정 | C5: 일반식 | D5: 김치/된장 찌개 + 제육볶음 | E5: 16 | F5: 16
A6: 한식 | B6: 고려정 | C6: 특식 | D6: 김치찌개 제육복음 김치전 세트 | E6: 25 | F6: 25
A7: 한식 | B7: 고로고로 | C7: 일반식 | D7: 스팀보트 | E7: 18 | F7: 18
A8: 중식 | B8: 동방미식(점심만) | C8: 일반식 | D8: 볶음밥 쿼바로우 세트 | E8: 18 | F8: 18
A9: 현지식 | B9: 레드하우스 | C9: 특식 | D9: 칠리크랩 세트(저녁 또는 주말/휴일) | E9: 65 | F9: 65
A10: 현지식 | B10: (중식) 칠리크랩- 레드하우스_주중 | C10: 특식 | D10: 칠리크랩 세트(주중 점심) | E10: 45 | F10: 45
A11: 현지식 | B11: 점보레스토랑(이스트코스트) | C11: 특식 | D11: 칠리크랩 세트 | E11: 60 | F11: 60
A12: 현지식 | B12: 블랑코 새우국수 | C12: 일반식 | D12: 새우국수(점심) | E12: 15 | F12: 15
A13: 현지식 | B13: 썸딤섬 | C13: 일반식 | D13: 딤섬 세트 - 일반 | E13: 20
A14: 현지식 | B14: 썸딤섬 | C14: 일반식 | D14: 딤섬 세트 - 스패셜 | E14: 25
A15: 한식 | B15: 더고기집 | C15: 일반식 | D15: 부대찌게 불고기 세트 | E15: 18 | F15: 18
A16: 한식 | B16: 더고기집 | C16: 특식 | D16: 삼겹살 무제한(저녁) | E16: 30 | F16: 30 | O16: frnr
A17: 한식 | B17: I am Kim | D17: 고기뷔페 (저녁) | E17: 21.9 | F17: 21.9
A18: 한식 | B18: I am Kim | D18: 고기뷔페 (점심) | E18: 15.9 | F18: 15.9
A19: 현지식 | B19: 송파바쿠테 | C19: 일반식 | D19: 바쿠테 - 점심 | E19: 17 | F19: 17
A20: 현지식 | B20: 송파바쿠테 | C20: 특식 | D20: 바쿠테 - 저녁 | E20: 20 | F20: 20
A21: 현지식 | B21: 스트레잇 차이니즈 | C21: 일반식 | D21: 페라나칸식 (9명 이상) | E21: 18 | F21: 18
A22: 현지식 | B22: 스트레잇 차이니즈 | C22: 일반식 | D22: 페라나칸식 (8명 이하) | E22: 22 | F22: 22
A23: 현지식 | B23: 얌차 | C23: 특식 | D23: 딤섬 세트 (주중, 점심) | E23: 28 | F23: 28
A24: 현지식 | B24: 얌차 | C24: 특식 | D24: 딤섬 세트 (주말, 저녁) | E24: 32 | F24: 32
A25: 현지식 | B25: 스트레잇 차이니즈 (에스플레이드) | C25: 일반식 | D25: 딤섬 | E25: 22 | F25: 22
A26: 현지식 | B26: 지엔 | C26: 특식 | D26: 딤섬 세트 | E26: 22 | F26: 22
A27: 현지식 | B27: 지엔 | C27: 특식 | D27: 칠리크랩세트(10명 미만) | E27: 45 | F27: 45
A28: 현지식 | B28: 지엔 | C28: 특식 | D28: 칠리크랩세트 (10명이상) | E28: 35 | F28: 35
A29: 현지식 | B29: 코카 스팀보트 | C29: 특식 | D29: 스팀보트( 주중 점심) | E29: 47 | F29: 32
A30: 현지식 | B30: 코카 스팀보트 | C30: 특식 | D30: 스팀보트(주말 점심) | E30: 52 | F30: 34
... A33: 중식 | B33: 카야 토스트 세트 시식 | C33: 일반식 | D33: 카야토스트 세트(조식용) | E33: 10 | F33: 10
A34: 간식 | B34: 열대과일 | D34: 부기스시장 | E34: 5 | F34: 5
A35: 조식 | B35: 동물원 조식(09:~10:30) | C35: 특식 | D35: 만다이 동물원 뷔페 | E35: 35 | F35: 26
A36: 뷔페 | B36: (중식) 펭귄코브 레스토랑 | C36: 일반식 | E36: 20 | F36: 20
A37: 중식 | B37: 버드파라다이스 | C37: 특식 | D37: 크림손 3코스 런치 세트 | E37: 49 | F37: 49
A38: 석식 | B38: 센토사 올드굿데이즈 | C38: 특식 | D38: 로컬 뷔페 | E38: 20 | F38: 20
A39: 석식 | B39: 라우파사 | C39: 특식 | D39: 사테 세트 | E39: 20 | F39: 20
A40: 중식 | B40: 센토사 올드굿데이즈 | C40: 특식 | D40: 치킨라이스 | E40: 15 | F40: 20
A41: 뷔페 | B41: (석식) 아마라호텔_엘리멘트 뷔페 | C41: 일반식 | E41: 42 | F41: 42

Sheet 현지투어플러스
A1: home | E1: ='가이드&차량'!B1 -> 1100 | G1: 호텔 | H1: 트윈/더블 | I1: =C4/2 -> 2 | J1: 싱글 | K1: 0 | L1: 금액 | M1: 룸넘버 | N1: 소계 | O1: 합계 | V1: * 서차지기간 확인필수 | AC1: 주중 | AD1: 주말
B2: 마스터코드 | C2: 현지투어 플러스 | H2: =C5 -> 45732 | J2: =AB2 -> Amara Singapore | L2: =IF( (IF(WEEKDAY(H2, 2) <= 5, AC2, AD2) + IF(AND(H2 >= W3, H2 <= X3), Z3, 0) + IF(AND(H2 >= W4, H2 <= X4), Z4, 0) + IF(AND(H2 >= W5, H2 <= X5), Z5, 0) + IF(AND(H2 >= W6, H2 <= X6), Z6, 0) + IF(AND(H2 >= W7, H2 <= X7), Z7, 0) + IF(AND(H2 >= W8, H2 <= X8), Z8, 0) + IF(AND(H2 >= W9, H2 <= X9), Z9, 0) + IF(AND(H2 >= W10, H2 <= X10), Z10, 0)) < 1, "Surcharge Check", (IF(WEEKDAY(H2, 2) <= 5, AC2, AD2) + IF(AND(H2 >= W3, H2 <= X3), Z3, 0) + IF(AND(H2 >= W4, H2 <= X4), Z4, 0) + IF(AND(H2 >= W5, H2 <= X5), Z5, 0) + IF(AND(H2 >= W6, H2 <= X6), Z6, 0) + IF(AND(H2 >= W7, H2 <= X7), Z7, 0) + IF(AND(H2 >= W8, H2 <= X8), Z8, 0) + IF(AND(H2 >= W9, H2 <= X9), Z9, 0) + IF(AND(H2 >= W10, H2 <= X10), Z10, 0)) ) -> 230 | M2: =$I$1+$K$1 -> 2 | N2: =L2*M2 -> 460 | O2: =SUM(N2:N6) -> 1840 | Q2: 옵션 - 5개 | R2: -40 | S2: 쇼핑 - 4회 | T2: -30 | V2: EVENT | W2: 시작일 | X2: 마감일 | Y2: 실제 행사일 | AB2: Amara Singapore | AC2: 230 | AD2: 230
B3: 구분[여정] | H3: =H2+1 -> 45733 | J3: =J2 -> Amara Singapore | L3: =IF( (IF(WEEKDAY(H3, 2) <= 5, AC2, AD2) + IF(AND(H3 >= W3, H3 <= X3), Z3, 0) + IF(AND(H3 >= W4, H3 <= X4), Z4, 0) + IF(AND(H3 >= W5, H3 <= X5), Z5, 0) + IF(AND(H3 >= W6, H3 <= X6), Z6, 0) + IF(AND(H3 >= W7, H3 <= X7), Z7, 0) + IF(AND(H3 >= W8, H3 <= X8), Z8, 0) + IF(AND(H3 >= W9, H3 <= X9), Z9, 0) + IF(AND(H3 >= W10, H3 <= X10), Z10, 0)) < 1, "Surcharge Check", (IF(WEEKDAY(H3, 2) <= 5, AC2, AD2) + IF(AND(H3 >= W3, H3 <= X3), Z3, 0) + IF(AND(H3 >= W4, H3 <= X4), Z4, 0) + IF(AND(H3 >= W5, H3 <= X5), Z5, 0) + IF(AND(H3 >= W6, H3 <= X6), Z6, 0) + IF(AND(H3 >= W7, H3 <= X7), Z7, 0) + IF(AND(H3 >= W8, H3 <= X8), Z8, 0) + IF(AND(H3 >= W9, H3 <= X9), Z9, 0) + IF(AND(H3 >= W10, H3 <= X10), Z10, 0)) ) -> 230 | M3: =$I$1+$K$1 -> 2 | N3: =L3*M3 -> 460 | Q3: 옵션 - 4개 | R3: -30 | S3: 쇼핑 - 3회 | T3: -20 | V3: =서차지!B3 -> World Paralympic Swimming | W3: =서차지!C3 -> 45921 | X3: =서차지!D3 -> 45562 | Y3: =서차지!E3 -> 21 – 27 September 2025 | Z3: -2000
B4: 인원(손님) | C4: 4 | D4: 인원(FOC) | E4: 0 | H4: =H3+1 -> 45734 | J4: =J2 -> Amara Singapore | L4: =IF( (IF(WEEKDAY(H4, 2) <= 5, AC2, AD2) + IF(AND(H4 >= W3, H4 <= X3), Z3, 0) + IF(AND(H4 >= W4, H4 <= X4), Z4, 0) + IF(AND(H4 >= W5, H4 <= X5), Z5, 0) + IF(AND(H4 >= W6, H4 <= X6), Z6, 0) + IF(AND(H4 >= W7, H4 <= X7), Z7, 0) + IF(AND(H4 >= W8, H4 <= X8), Z8, 0) + IF(AND(H4 >= W9, H4 <= X9), Z9, 0) + IF(AND(H4 >= W10, H4 <= X10), Z10, 0)) < 1, "Surcharge Check", (IF(WEEKDAY(H4, 2) <= 5, AC2, AD2) + IF(AND(H4 >= W3, H4 <= X3), Z3, 0) + IF(AND(H4 >= W4, H4 <= X4), Z4, 0) + IF(AND(H4 >= W5, H4 <= X5), Z5, 0) + IF(AND(H4 >= W6, H4 <= X6), Z6, 0) + IF(AND(H4 >= W7, H4 <= X7), Z7, 0) + IF(AND(H4 >= W8, H4 <= X8), Z8, 0) + IF(AND(H4 >= W9, H4 <= X9), Z9, 0) + IF(AND(H4 >= W10, H4 <= X10), Z10, 0)) ) -> 230 | M4: =$I$1+$K$1 -> 2 | N4: =L4*M4 -> 460 | Q4: 옵션 - 3개 | R4: -20 | S4: 쇼핑 - 2회 | T4: -10 | V4: =서차지!B4 -> Singapore Formula One (F1) | W4: =서차지!C4 -> 45932 | X4: =서차지!D4 -> 45935 | Y4: =서차지!E4 -> 02 Oct - 05 Oct, 2025 | Z4: -2000 | AB4: Momentus | AC4: 190 | AD4: 180
B5: 도착날짜 | C5: 45732 | D5: 3 | E5: =C5+D5 -> 45735 | H5: =H4+1 -> 45735 | J5: =J2 -> Amara Singapore | L5: =IF( (IF(WEEKDAY(H5, 2) <= 5, AC2, AD2) + IF(AND(H5 >= W3, H5 <= X3), Z3, 0) + IF(AND(H5 >= W4, H5 <= X4), Z4, 0) + IF(AND(H5 >= W5, H5 <= X5), Z5, 0) + IF(AND(H5 >= W6, H5 <= X6), Z6, 0) + IF(AND(H5 >= W7, H5 <= X7), Z7, 0) + IF(AND(H5 >= W8, H5 <= X8), Z8, 0) + IF(AND(H5 >= W9, H5 <= X9), Z9, 0) + IF(AND(H5 >= W10, H5 <= X10), Z10, 0)) < 1, "Surcharge Check", (IF(WEEKDAY(H5, 2) <= 5, AC2, AD2) + IF(AND(H5 >= W3, H5 <= X3), Z3, 0) + IF(AND(H5 >= W4, H5 <= X4), Z4, 0) + IF(AND(H5 >= W5, H5 <= X5), Z5, 0) + IF(AND(H5 >= W6, H5 <= X6), Z6, 0) + IF(AND(H5 >= W7, H5 <= X7), Z7, 0) + IF(AND(H5 >= W8, H5 <= X8), Z8, 0) + IF(AND(H5 >= W9, H5 <= X9), Z9, 0) + IF(AND(H5 >= W10, H5 <= X10), Z10, 0)) ) -> 230 | M5: =$I$1+$K$1 -> 2 | N5: =L5*M5 -> 460 | Q5: 옵션 - 2개 | R5: 0 | S5: 쇼핑 - 1회 | T5: 0 | V5: =서차지!B5 -> ITB Asia | W5: =서차지!C5 -> 45944 | X5: =서차지!D5 -> 45947 | Y5: =서차지!E5 -> 23 - 25 October 2025 | Z5: -2000 | AB5: Aloft Novena | AC5: 180 | AD5: 180
B6: 인당 지상비 (SGD) | C6: =(SUM(O10:O46)+O2)/C4+R5+T5 -> 1255.6 | D6: 인당 지상비 (원화) | E6: =C6*$E$1 -> 1381160 | Q6: 옵션 - 0개 | R6: 5 | S6: 쇼핑 - 0회 | T6: 5 | V6: =서차지!B6 -> FHA-HoReCa | W6: =서차지!C6 -> 45950 | X6: =서차지!D6 -> 45953 | Y6: =서차지!E6 -> 0 | Z6: -2000 | AB6: Mercure Stevens | AC6: 195 | AD6: 195
B7: 옵션 | C7: 0 | D7: 쇼핑 | E7: 0 | V7: =서차지!B7 -> FinTech 2025 | W7: =서차지!C7 -> 45972 | X7: =서차지!D7 -> 45974 | Y7: =서차지!E7 -> 0 | Z7: -2000 | AB7: M Hotel City Centre | AC7: 210 | AD7: 210
G8: 입장료(항공) | I8: 식사비 | K8: 차량 | M8: 가이드 | O8: 총합계 | V8: =서차지!B8 -> Christmas Day | W8: =서차지!C8 -> 46015 | X8: =서차지!D8 -> 46016 | Y8: =서차지!E8 -> 0 | Z8: -2000 | AB8: Concorde Hotel | AC8: 230 | AD8: 230
B9: SGD/WON | C9: =E1 -> 1100 | D9: SGD/MYR | E9: 3.5 | G9: 금액 | H9: 인원 | I9: 금액 | J9: 인원 | K9: 금액 | L9: 인원 | M9: 금액 | N9: 인원 | V9: =서차지!B9 -> Year End | W9: =서차지!C9 -> 46021 | X9: =서차지!D9 -> 46023 | Y9: =서차지!E9 -> 0 | Z9: -2000 | AB9: Oasia Novena | AC9: 225 | AD9: 225
B10: =TEXT(C5,"m월 d일 aaaa") -> 3월 16일 일요일 | C10: 인천출발 - 싱가포르 도착 | O10: =(G10*H10)+(I10*J10)+(K10*L10)+(M10*N10) -> 0 | V10: =서차지!B10 -> Year End | W10: =서차지!C10 -> 46022 | X10: =서차지!D10 -> 46022 | Y10: =서차지!E10 -> 0 | Z10: -2000 | AB10: Orchid Hotel | AC10: 220 | AD10: 220
C11: 공항 -> 싱가포르 호텔 개별 이동 | O11: =(G11*H11)+(I11*J11)+(K11*L11)+(M11*N11) -> 0 | V11: =서차지!B11 -> Singapore Airshow 2026 | W11: =서차지!C11 -> 46056 | X11: =서차지!D11 -> 46059 | Y11: =서차지!E11 -> 3 - 6 Feb 2026 | AB11: Amara Singapore | AC11: 230 | AD11: 230
C12: 싱가포르 호텔 투숙 | O12: =(G12*H12)+(I12*J12)+(K12*L12)+(M12*N12) -> 0 | V12: =서차지!B12 -> Chinese New Year | W12: =서차지!C12 -> 46069 | X12: =서차지!D12 -> 46077 | Y12: =서차지!E12 -> 16 - 24 Feb 2026 | AB12: Orchard Hotel | AC12: 240 | AD12: 240
B13: =TEXT(C5+1,"m월 d일 aaaa") -> 3월 17일 월요일 | C13: 호텔 조식 후 가이드 미팅 | K13: 150 | L13: 1 | M13: 360 | N13: 1 | O13: =(G13*H13)+(I13*J13)+(K13*L13)+(M13*N13) -> 510 | Q13: 차량/가이드 10시간 기준 | V13: =서차지!B13 -> Food & Hotel Beverage | W13: =서차지!C13 -> 0 | X13: =서차지!D13 -> 0 | Y13: =서차지!E13 -> 0 | AB13: Grand Copthorne | AC13: 240 | AD13: 240
C14: 리버원더스 | G14: =일정!E38 -> 23.5 | H14: =$C$4+$E$4 -> 4 | O14: =(G14*H14)+(I14*J14)+(K14*L14)+(M14*N14) -> 94 | V14: =서차지!B14 -> CommunicAsia | W14: =서차지!C14 -> 0 | X14: =서차지!D14 -> 0 | Y14: =서차지!E14 -> 0 | AB14: Mercure Tyrwhitt | AC14: 170 | AD14: 170
C15: (중식) 페라나카식 | I15: =식사!E21 -> 18 | J15: =$C$4+$E$4 -> 4 | O15: =(G15*H15)+(I15*J15)+(K15*L15)+(M15*N15) -> 72 | V15: =서차지!B15 -> National Day | W15: =서차지!C15 -> 0 | X15: =서차지!D15 -> 0 | Y15: =서차지!E15 -> 0 | AB15: Hotel Boss | AC15: 185 | AD15: 185
C16: 머라이언 공원+에스플라네이드 | O16: =(G16*H16)+(I16*J16)+(K16*L16)+(M16*N16) -> 0 | AB16: V Hotel Lavender | AC16: 185 | AD16: 185
C17: 가든스바이더베이(1돔+전망대) | G17: =일정!E26 -> 18.2 | H17: =$C$4+$E$4 -> 4 | O17: =(G17*H17)+(I17*J17)+(K17*L17)+(M17*N17) -> 72.8 | AB17: IbIs Novena | AC17: 155 | AD17: 155
C18: (석식) 오빠샤브- 스팀보트 +한식 뷔페 | I18: =식사!E7 -> 18 | J18: =$C$4+$E$4 -> 4 | O18: =(G18*H18)+(I18*J18)+(K18*L18)+(M18*N18) -> 72 | AB18: IbIs bencoolen | AC18: 185 | AD18: 185
C19: 리버보트 탑승 + 슈퍼트리쇼 | G19: =일정!E30 -> 15 | H19: =$C$4+$E$4 -> 4 | O19: =(G19*H19)+(I19*J19)+(K19*L19)+(M19*N19) -> 60 | AB19: Oasia Sentosa | AC19: 280 | AD19: 280
C20: 호텔 복귀 휴식 및 취침 | O20: =(G20*H20)+(I20*J20)+(K20*L20)+(M20*N20) -> 0 | AB20: Swissotel The stamford | AC20: 366 | AD20: 366
B21: =TEXT(C5+2,"m월 d일 aaaa") -> 3월 18일 화요일 | C21: 호텔 조식 후 가이드 미팅 | K21: 150 | L21: 1 | M21: 360 | N21: 1 | O21: =(G21*H21)+(I21*J21)+(K21*L21)+(M21*N21) -> 510 | Q21: 차량/가이드 10시간 기준
C22: USS 자유 관람 | G22: =일정!E3 -> 75.3 | H22: =$C$4+$E$4 -> 4 | O22: =(G22*H22)+(I22*J22)+(K22*L22)+(M22*N22) -> 301.2
C23: (중식) 자유식 20 SGD | I23: 20 | J23: =$C$4+$E$4 -> 4 | O23: =(G23*H23)+(I23*J23)+(K23*L23)+(M23*N23) -> 80
C24: (석식) 한식당 - 고기집(부대찌게+불고기세트) | I24: =식사!E15 -> 18 | J24: =$C$4+$E$4 -> 4 | O24: =(G24*H24)+(I24*J24)+(K24*L24)+(M24*N24) -> 72
C25: 호텔 수영장 | O25: =(G25*H25)+(I25*J25)+(K25*L25)+(M25*N25) -> 0
C26: 호텔 복귀 휴식 및 취침 | O26: =(G26*H26)+(I26*J26)+(K26*L26)+(M26*N26) -> 0
B27: =TEXT(C5+3,"m월 d일 aaaa") -> 3월 19일 수요일 | C27: 호텔 조식 후 가이드 미팅 | K27: 150 | L27: 1 | M27: 360 | N27: 1 | O27: =(G27*H27)+(I27*J27)+(K27*L27)+(M27*N27) -> 510 | Q27: 차량/가이드 12시간 기준
C28: 버드파라다이스 | G28: =일정!E40 -> 24.5 | H28: =$C$4+$E$4 -> 4 | O28: =(G28*H28)+(I28*J28)+(K28*L28)+(M28*N28) -> 98
C29: (중식) 팽귄코브 | I29: =식사!E36 -> 20 | J29: =$C$4+$E$4 -> 4 | O29: =(G29*H29)+(I29*J29)+(K29*L29)+(M29*N29) -> 80
C30: 싱가포르 사이언스 센터 | G30: =일정!E34 -> 8.3 | H30: =$C$4+$E$4 -> 4 | O30: =(G30*H30)+(I30*J30)+(K30*L30)+(M30*N30) -> 33.2
C31: 비보시티 | O31: =(G31*H31)+(I31*J31)+(K31*L31)+(M31*N31) -> 0
C32: (석식) 비보시티 자유식 | I32: 20 | J32: =$C$4+$E$4 -> 4 | O32: =(G32*H32)+(I32*J32)+(K32*L32)+(M32*N32) -> 80
C33: 호텔 수영장 | O33: =(G33*H33)+(I33*J33)+(K33*L33)+(M33*N33) -> 0
C34: 호텔 복귀 휴식 및 취침 | O34: =(G34*H34)+(I34*J34)+(K34*L34)+(M34*N34) -> 0
B35: =TEXT(C5+4,"m월 d일 aaaa") -> 3월 20일 목요일 | C35: 호텔 조식 후 체크아웃 | K35: 150 | L35: =L10 -> 0 | M35: 360 | N35: =N10 -> 0 | O35: =(G35*H35)+(I35*J35)+(K35*L35)+(M35*N35) -> 0 | Q35: 차량/가이드 12시간 기준
C36: (중식) 팽귄코브 | I36: =식사!E43 -> 0 | J36: =$C$4+$E$4 -> 4 | O36: =(G36*H36)+(I36*J36)+(K36*L36)+(M36*N36) -> 0
C37: 싱가포르 사이언스 센터 | G37: =일정!E41 -> 54.3 | H37: =$C$4+$E$4 -> 4 | O37: =(G37*H37)+(I37*J37)+(K37*L37)+(M37*N37) -> 217.2
C38: 비보시티 | O38: =(G38*H38)+(I38*J38)+(K38*L38)+(M38*N38) -> 0
C39: (석식) 비보시티 자유식 | I39: 20 | J39: =$C$4+$E$4 -> 4 | O39: =(G39*H39)+(I39*J39)+(K39*L39)+(M39*N39) -> 80
C40: 최종 방문지 -> 싱가포르 호텔 이동
C41: 공항 -> 싱가포르 호텔 개별 이동
C42: 식사 후 공항이동 | E42: =상품리스트!I3 -> 0 | O42: =(G42*H42)+(I42*J42)+(K42*L42)+(M42*N42) -> 0
K43: =SUM(K10:K34) -> 450 | M43: =SUM(M10:M34) -> 1080
B44: 기타비용 | C44: 기타 예비 비용 ( 1일 1인 생수 등) | G44: =$C$4+$E$4 -> 4 | I44: 10 | K44: 1 | O44: =G44*I44*K44 -> 40
C45: 핸들링차지 | G45: 50 | K45: =C4 -> 4 | O45: =G45*K45 -> 200

Sheet 상품리스트
B2: 마스터코드 | C2: 상품명 | D2: 숙박지역 | K2: 항공편 | L2: 도착시간 | M2: 항공편 | N2: 출발시간
B3: 초등학교1 | C3: 싱가포르 4박 #USS #리버원더스 #리버보트 #버드파라다이스 #사이언스센터 | D3: 싱-싱-싱-싱
B4: 초등학교2 | C4: 싱가포르 3박 #USS #리버원더스 #스카이파크 #사이언스센터 | D4: 싱-싱-싱
B5: 중학교1 | C5: #USS #NUS투어 #윙스오브타임 #스카이파크 #리버보트 | D5: 싱-싱-싱
B6: 고등학교1 | C6: #USS #NUS투어 #윙스오브타임 #리버원더스 #리버보트 | D6: 싱-싱-싱
B7: 고등학교2 | C7: #USS #NUS투어 #무제한삼겹살 #리버원더스 #리버보트 | D7: 싱-싱-싱
B8: ASP210_OZA | C8: #4성호텔 #버드파라다이스+뷔페 #센토사루지 #마담투소 #리버원더스 #핵심관광지 #호텔디너뷔페 #NO쇼핑/NO팁 | D8: 싱-싱-싱 | E8: OZ751 | F8: 0.89583333 | H8: OZ752 | I8: 0.95138889
B9: ASP210_KEG | C9: #USS #핵심관광+센토사 #칠리크랩 #버드파라다이스 #윙스오브타임 #4성호텔 | D9: 싱-싱-싱 | E9: KE645 | F9: 0.98611111 | H9: KE646 | I9: 0.048611111
B10: ASP210_KED | C10: 스타가이드 #5성 아마라호텔 #버드파라다이스+뷔페 #센토사루지 #마담투소 #리버원더스 #핵심관광지 #호텔디너뷔페 | D10: 싱-싱-싱 | E10: KE645 | F10: 0.98611111 | H10: KE646 | I10: 0.048611111
B11: ASP210_SQD | C11: 스타가이드 #5성 아마라호텔 #버드파라다이스+뷔페 #센토사루지 #마담투소 #리버원더스 #핵심관광지 #호텔디너뷔페 | D11: 싱-싱-싱 | E11: SQ607 | F11: 0.59722222 | H11: SQ608 | I11: 0.0069444444
B12: ASP210_SQA | C12: 스타가이드 #버드파라다이스+뷔페 #센토사 루지 #마담투소 #리버원더스 #핵심관광지 #4성호텔 #NO쇼핑NO팁 | D12: 싱-싱-싱 | E12: SQ607 | F12: 0.60069444 | H12: SQ608 | I12: 0.0069444444
B13: ASP210_SQ4 | C13: 스타가이드 #5성 아마라호텔 #버드파라다이스+뷔페 #센토사루지 #마담투소 #리버원더스 #핵심관광지 #호텔디너뷔페 | D13: 싱-싱-싱 | E13: SQ601 | F13: 0.91666667 | H13: SQ612 | I13: 0.10069444
B14: ASP210_4박 | C14: 싱가포르 4박
B15: ASP211_TWG | C15: #전일관광 #리버원더스 #헤리티지도보투어 #핵심관광지 | D15: 싱-싱-싱 | E15: TW0171 | F15: 0.017361111 | H15: TW0172 | I15: 0.079861111
B16: ASP211_TWC | C16: #완전특가 #전일관광 #에메랄드힐 #센토사섬 #슈퍼트리쇼 #4성호텔 | D16: 싱-싱-싱 | E16: TW0163 | F16: 0.020833333 | H16: TW164 | I16: 0.083333333
B17: ASP211_KE3 | C17: #완전특가 #전일관광 #에메랄드힐 #센토사섬 #슈퍼트리쇼 #4성호텔 | D17: 싱-싱-싱 | E17: KE643 | F17: 0.82986111 | H17: KE644 | I17: 0.9375
B18: ASP211_OZB | C18: #완전특가 #마리나베이샌즈1박+4성호텔 #1일자유 #노쇼핑 #센토사루지 #슈퍼트리쇼 | D18: 싱-싱-싱 | E18: OZ751 | F18: 0.91319444 | H18: OZ752 | I18: 0.97916667
B19: ASP211_OZC | C19: #완전특가 #전일관광 #에메랄드힐 #센토사섬 #슈퍼트리쇼 #4성업그레이드 | D19: 싱-싱-싱 | E19: OZ751 | F19: 0.91319444 | H19: OZ752 | I19: 0.97916667
B20: ASP211_SQC | C20: 싱가포르 5일 #완전특가 #전일관광 #에메랄드힐 #센토사섬 #슈퍼트리쇼 #4성호텔 | D20: 싱-싱-싱 | E20: SQ607 | F20: 0.59375 | H20: SQ608 | I20: 0.0069444444
B21: ASP211_KEA | C21: #완전특가 #1일자유 #센토사루지 #슈퍼트리쇼 #4성업그레이드 | D21: 싱-싱-싱 | E21: KE0645 | F21: 0.98611111 | H21: KE0646 | I21: 0.048611111
B22: ASP211_USS
B23: ASP211_TW9 | C23: 싱가포르 5일 #전일관광 #센토사크루즈요트 #미식투어 #시티갤러리 #핵심관광지 #4성호텔 | D23: 싱-싱-싱 | E23: TW0161 | F23: 0.89583333 | H23: TW162 | I23: 0.95833333
B24: ASP212_SQA | C24: 싱가포르 5일 #4성호텔 #1일자유 #리버원더스 #센토사루지 #마담투소 #핵심관광지 #호텔뷔페 | D24: 싱-싱-싱 | E24: SQ607 | F24: 0.59722222 | H24: SQ608 | I24: 0.0069444444
B25: ASP212_OZD | C25: 싱가포르 5일#1일자유 #5성 아마라호텔 #센토사 루지 #마담투소 #리버원더스 #핵심관광지 #NO쇼핑 #NO 팁 | D25: 싱-싱-싱 | E25: OZ751 | F25: 0.91319444 | H25: OZ752 | I25: 0.97916667
B26: ASP213
B27: ASP215_OZB | C27: 싱가포르 5일#1일자유 #플라이어 #2층버스 #리버보트 #리버원더스 #5성호텔+마리나베이샌즈호텔 | D27: 싱-싱-싱 | E27: OZ751 | F27: 0.91319444 | H27: OZ752 | I27: 0.97916667
B28: ASP215_KEE | C28: 싱가포르 5일#센토사섬 #MBS스카이파크 #플라이어 #리버보트 #2층버스 #리버원더스 #5성호텔 | D28: 싱-싱-싱 | E28: KE645 | F28: 0.98611111 | H28: KE646 | I28: 0.048611111
B29: ASP309_SQ
B30: ASP310_7CB | C30: # 버드 파라다이스 #센토사 루지 #마담투소 #리버원더스 | D30: 싱-싱-싱 | E30: 7C4055 | F30: 0.97569444 | H30: 7C4056 | I30: 0.017361111
B31: ASP310_SQ
B32: ASP311_7CU | C32: [완전특가] 싱가포르 5일 #1일자유 #센토사 루지 #슈퍼트리쇼 #4성 업그레이드 | D32: 싱-싱-싱 | E32: 7C4055 | F32: 0.97569444 | H32: 7C4056 | I32: 0.017361111
B33: ASP311
B34: ASP311_7CX | C34: [완전특가 -전일관광] 싱가포르 5일#전일관광 #에메랄드힐 #센토사섬 #슈퍼트리쇼#4성업그레이드 | D34: 싱-싱-싱 | E34: 7C4055 | F34: 0.97569444 | H34: 7C4056 | I34: 0.017361111
B35: ASP312_7CU | C35: 싱가포르 5일#1일자유 #센토사 #가든스 바이더베이 #칠리크랩 #리버원더스 #4성호텔+마리나베이샌즈호텔 | E35: 7C4055 | F35: 0.97569444 | H35: 7C4056 | I35: 0.017361111
B36: ASP303_SQ | C36: 부산 출발 2박 4일 | D36: 싱-싱 | E36: SQ615 | F36: 0.54861111 | H36: SQ616 | I36: 0.96180556
B37: ASP910_TR | C37: 제주출발 | E37: TR0813 | F37: 0.59375
B38: ASP211_바탐
B39: ASP311_7CU_바탐 | C39: [완전특가] 바탐 1박 #센토사 루지 #슈퍼트리쇼 #4성 업그레이드 | D39: 싱-싱-싱 | E39: 7C4055 | F39: 0.97569444 | H39: 7C4056 | I39: 0.017361111
B40: ASP221_바탐_2박 | C40: 바탐 직항 6일 #바탐2박 #싱가포르2박 #라노섬투어 #마사지90분 #원주민마을 #싱가포르핵심투어 #센토사섬 | E40: 7C5301 | F40: 0.9375 | H40: 7C5302 | I40: 0.98958333
B41: 부산연합1 | C41: #NO옵션 #버드파라다이스 #핵심옵션포함 | E41: 7C4055 | F41: 0.97569444 | H41: 7C4056 | I41: 0.017361111
B42: 모두투어_ASE501 | C42: 모두투어 <1일자유/노쇼핑>[월드체인호텔] 싱가포르 3박5일 | E42: 7C4055 | F42: 0.97569444 | H42: 7C4056 | I42: 0.017361111
B43: 모두투어_BSP505 | C43: [전일관광/노쇼핑]싱가포르 5일(월드체인호텔) - #완전일주 #리버원더스 #가든스바이더베이 | D43: 싱-싱-싱 | E43: 7C4055 | F43: 0.97569444 | H43: 7C4056 | I43: 0.017361111
B44: 조호바루

Sheet 초1
A1: home | E1: ='가이드&차량'!B1 -> 1100 | G1: 호텔 | H1: 트윈/더블 | I1: =C4/2 -> 15 | J1: 싱글 | K1: 0 | L1: 금액 | M1: 룸넘버 | N1: 소계 | O1: 합계 | V1: * 서차지기간 확인필수 | AC1: 주중 | AD1: 주말
B2: 마스터코드 | C2: 초등학교 글로벌 문화체험 1 | H2: =C5 -> 45979 | J2: =AB2 -> Aloft Novena | L2: =IF( (IF(WEEKDAY(H2, 2) <= 5, AC2, AD2) + IF(AND(H2 >= W3, H2 <= X3), Z3, 0) + IF(AND(H2 >= W4, H2 <= X4), Z4, 0) + IF(AND(H2 >= W5, H2 <= X5), Z5, 0) + IF(AND(H2 >= W6, H2 <= X6), Z6, 0) + IF(AND(H2 >= W7, H2 <= X7), Z7, 0) + IF(AND(H2 >= W8, H2 <= X8), Z8, 0) + IF(AND(H2 >= W9, H2 <= X9), Z9, 0) + IF(AND(H2 >= W10, H2 <= X10), Z10, 0) + IF(AND(H2 >= W11, H2 <= X11), Z11, 0) + IF(AND(H2 >= W12, H2 <= X12), Z12, 0) + IF(AND(H2 >= W13, H2 <= X13), Z13, 0) + IF(AND(H2 >= W14, H2 <= X14), Z14, 0) + IF(AND(H2 >= W15, H2 <= X15), Z15, 0) + IF(AND(H2 >= W16, H2 <= X16), Z16, 0) + IF(AND(H2 >= W17, H2 <= X17), Z17, 0) + IF(AND(H2 >= W18, H2 <= X18), Z18, 0) + IF(AND(H2 >= W19, H2 <= X19), Z19, 0) + IF(AND(H2 >= W20, H2 <= X20), Z20, 0) + IF(AND(H2 >= W21, H2 <= X21), Z21, 0) + IF(AND(H2 >= W22, H2 <= X22), Z22, 0) + IF(AND(H2 >= W23, H2 <= X23), Z23, 0) ) < 1, "Surcharge Check", (IF(WEEKDAY(H2, 2) <= 5, AC2, AD2) + IF(AND(H2 >= W3, H2 <= X3), Z3, 0) + IF(AND(H2 >= W4, H2 <= X4), Z4, 0) + IF(AND(H2 >= W5, H2 <= X5), Z5, 0) + IF(AND(H2 >= W6, H2 <= X6), Z6, 0) + IF(AND(H2 >= W7, H2 <= X7), Z7, 0) + IF(AND(H2 >= W8, H2 <= X8), Z8, 0) + IF(AND(H2 >= W9, H2 <= X9), Z9, 0) + IF(AND(H2 >= W10, H2 <= X10), Z10, 0) + IF(AND(H2 >= W11, H2 <= X11), Z11, 0) + IF(AND(H2 >= W12, H2 <= X12), Z12, 0) + IF(AND(H2 >= W13, H2 <= X13), Z13, 0) + IF(AND(H2 >= W14, H2 <= X14), Z14, 0) + IF(AND(H2 >= W15, H2 <= X15), Z15, 0) + IF(AND(H2 >= W16, H2 <= X16), Z16, 0) + IF(AND(H2 >= W17, H2 <= X17), Z17, 0) + IF(AND(H2 >= W18, H2 <= X18), Z18, 0) + IF(AND(H2 >= W19, H2 <= X19), Z19, 0) + IF(AND(H2 >= W20, H2 <= X20), Z20, 0) + IF(AND(H2 >= W21, H2 <= X21), Z21, 0) + IF(AND(H2 >= W22, H2 <= X22), Z22, 0) + IF(AND(H2 >= W23, H2 <= X23), Z23, 0) ) ) -> 180 | M2: =$I$1+$K$1 -> 15 | N2: =L2*M2 -> 2700 | O2: =SUM(N2:N6) -> 10800 | Q2: 옵션 - 5개 | R2: -40 | S2: 쇼핑 - 4회 | T2: -30 | V2: EVENT | W2: 시작일 | X2: 마감일 | Y2: 실제 행사일 | AB2: Aloft Novena | AC2: 180 | AD2: 180
B3: 구분[여정] | C3: #USS #만다이2Park #리버보트 #사이언스센터 | H3: =H2+1 -> 45980 | J3: =J2 -> Aloft Novena | L3: =IF( (IF(WEEKDAY(H3, 2) <= 5, AC2, AD2) + IF(AND(H3 >= W3, H3 <= X3), Z3, 0) + IF(AND(H3 >= W4, H3 <= X4), Z4, 0) + IF(AND(H3 >= W5, H3 <= X5), Z5, 0) + IF(AND(H3 >= W6, H3 <= X6), Z6, 0) + IF(AND(H3 >= W7, H3 <= X7), Z7, 0) + IF(AND(H3 >= W8, H3 <= X8), Z8, 0) + IF(AND(H3 >= W9, H3 <= X9), Z9, 0) + IF(AND(H3 >= W10, H3 <= X10), Z10, 0) + IF(AND(H3 >= W11, H3 <= X11), Z11, 0) + IF(AND(H3 >= W12, H3 <= X12), Z12, 0) + IF(AND(H3 >= W13, H3 <= X13), Z13, 0) + IF(AND(H3 >= W14, H3 <= X14), Z14, 0) + IF(AND(H3 >= W15, H3 <= X15), Z15, 0) + IF(AND(H3 >= W16, H3 <= X16), Z16, 0) + IF(AND(H3 >= W17, H3 <= X17), Z17, 0) + IF(AND(H3 >= W18, H3 <= X18), Z18, 0) + IF(AND(H3 >= W19, H3 <= X19), Z19, 0) + IF(AND(H3 >= W20, H3 <= X20), Z20, 0) + IF(AND(H3 >= W21, H3 <= X21), Z21, 0) + IF(AND(H3 >= W22, H3 <= X22), Z22, 0) + IF(AND(H3 >= W23, H3 <= X23), Z23, 0) ) < 1, "Surcharge Check", (IF(WEEKDAY(H3, 2) <= 5, AC2, AD2) + IF(AND(H3 >= W3, H3 <= X3), Z3, 0) + IF(AND(H3 >= W4, H3 <= X4), Z4, 0) + IF(AND(H3 >= W5, H3 <= X5), Z5, 0) + IF(AND(H3 >= W6, H3 <= X6), Z6, 0) + IF(AND(H3 >= W7, H3 <= X7), Z7, 0) + IF(AND(H3 >= W8, H3 <= X8), Z8, 0) + IF(AND(H3 >= W9, H3 <= X9), Z9, 0) + IF(AND(H3 >= W10, H3 <= X10), Z10, 0) + IF(AND(H3 >= W11, H3 <= X11), Z11, 0) + IF(AND(H3 >= W12, H3 <= X12), Z12, 0) + IF(AND(H3 >= W13, H3 <= X13), Z13, 0) + IF(AND(H3 >= W14, H3 <= X14), Z14, 0) + IF(AND(H3 >= W15, H3 <= X15), Z15, 0) + IF(AND(H3 >= W16, H3 <= X16), Z16, 0) + IF(AND(H3 >= W17, H3 <= X17), Z17, 0) + IF(AND(H3 >= W18, H3 <= X18), Z18, 0) + IF(AND(H3 >= W19, H3 <= X19), Z19, 0) + IF(AND(H3 >= W20, H3 <= X20), Z20, 0) + IF(AND(H3 >= W21, H3 <= X21), Z21, 0) + IF(AND(H3 >= W22, H3 <= X22), Z22, 0) + IF(AND(H3 >= W23, H3 <= X23), Z23, 0) ) ) -> 180 | M3: =$I$1+$K$1 -> 15 | N3: =L3*M3 -> 2700 | Q3: 옵션 - 4개 | R3: -30 | S3: 쇼핑 - 3회 | T3: -20 | V3: =서차지!B3 -> World Paralympic Swimming | W3: =서차지!C3 -> 45921 | X3: =서차지!D3 -> 45562 | Y3: =서차지!E3 -> 21 – 27 September 2025 | Z3: -2000
B4: 인원(손님) | C4: 30 | D4: 인원(FOC) | E4: 0 | H4: =H3+1 -> 45981 | J4: =J2 -> Aloft Novena | L4: =IF( (IF(WEEKDAY(H4, 2) <= 5, AC2, AD2) + IF(AND(H4 >= W3, H4 <= X3), Z3, 0) + IF(AND(H4 >= W4, H4 <= X4), Z4, 0) + IF(AND(H4 >= W5, H4 <= X5), Z5, 0) + IF(AND(H4 >= W6, H4 <= X6), Z6, 0) + IF(AND(H4 >= W7, H4 <= X7), Z7, 0) + IF(AND(H4 >= W8, H4 <= X8), Z8, 0) + IF(AND(H4 >= W9, H4 <= X9), Z9, 0) + IF(AND(H4 >= W10, H4 <= X10), Z10, 0) + IF(AND(H4 >= W11, H4 <= X11), Z11, 0) + IF(AND(H4 >= W12, H4 <= X12), Z12, 0) + IF(AND(H4 >= W13, H4 <= X13), Z13, 0) + IF(AND(H4 >= W14, H4 <= X14), Z14, 0) + IF(AND(H4 >= W15, H4 <= X15), Z15, 0) + IF(AND(H4 >= W16, H4 <= X16), Z16, 0) + IF(AND(H4 >= W17, H4 <= X17), Z17, 0) + IF(AND(H4 >= W18, H4 <= X18), Z18, 0) + IF(AND(H4 >= W19, H4 <= X19), Z19, 0) + IF(AND(H4 >= W20, H4 <= X20), Z20, 0) + IF(AND(H4 >= W21, H4 <= X21), Z21, 0) + IF(AND(H4 >= W22, H4 <= X22), Z22, 0) + IF(AND(H4 >= W23, H4 <= X23), Z23, 0) ) < 1, "Surcharge Check", (IF(WEEKDAY(H4, 2) <= 5, AC2, AD2) + IF(AND(H4 >= W3, H4 <= X3), Z3, 0) + IF(AND(H4 >= W4, H4 <= X4), Z4, 0) + IF(AND(H4 >= W5, H4 <= X5), Z5, 0) + IF(AND(H4 >= W6, H4 <= X6), Z6, 0) + IF(AND(H4 >= W7, H4 <= X7), Z7, 0) + IF(AND(H4 >= W8, H4 <= X8), Z8, 0) + IF(AND(H4 >= W9, H4 <= X9), Z9, 0) + IF(AND(H4 >= W10, H4 <= X10), Z10, 0) + IF(AND(H4 >= W11, H4 <= X11), Z11, 0) + IF(AND(H4 >= W12, H4 <= X12), Z12, 0) + IF(AND(H4 >= W13, H4 <= X13), Z13, 0) + IF(AND(H4 >= W14, H4 <= X14), Z14, 0) + IF(AND(H4 >= W15, H4 <= X15), Z15, 0) + IF(AND(H4 >= W16, H4 <= X16), Z16, 0) + IF(AND(H4 >= W17, H4 <= X17), Z17, 0) + IF(AND(H4 >= W18, H4 <= X18), Z18, 0) + IF(AND(H4 >= W19, H4 <= X19), Z19, 0) + IF(AND(H4 >= W20, H4 <= X20), Z20, 0) + IF(AND(H4 >= W21, H4 <= X21), Z21, 0) + IF(AND(H4 >= W22, H4 <= X22), Z22, 0) + IF(AND(H4 >= W23, H4 <= X23), Z23, 0) ) ) -> 180 | M4: =$I$1+$K$1 -> 15 | N4: =L4*M4 -> 2700 | Q4: 옵션 - 3개 | R4: -20 | S4: 쇼핑 - 2회 | T4: -10 | V4: =서차지!B4 -> Singapore Formula One (F1) | W4: =서차지!C4 -> 45932 | X4: =서차지!D4 -> 45935 | Y4: =서차지!E4 -> 02 Oct - 05 Oct, 2025 | Z4: -2000 | AB4: ='25메인호텔'!F2 -> Momentus | AC4: ='25메인호텔'!G2 -> 190 | AD4: ='25메인호텔'!H2 -> 180
B5: 도착날짜 | C5: 45979 | D5: 4 | E5: =C5+D5 -> 45983 | H5: =H4+1 -> 45982 | J5: =J2 -> Aloft Novena | L5: =IF( (IF(WEEKDAY(H5, 2) <= 5, AC2, AD2) + IF(AND(H5 >= W3, H5 <= X3), Z3, 0) + IF(AND(H5 >= W4, H5 <= X4), Z4, 0) + IF(AND(H5 >= W5, H5 <= X5), Z5, 0) + IF(AND(H5 >= W6, H5 <= X6), Z6, 0) + IF(AND(H5 >= W7, H5 <= X7), Z7, 0) + IF(AND(H5 >= W8, H5 <= X8), Z8, 0) + IF(AND(H5 >= W9, H5 <= X9), Z9, 0) + IF(AND(H5 >= W10, H5 <= X10), Z10, 0) + IF(AND(H5 >= W11, H5 <= X11), Z11, 0) + IF(AND(H5 >= W12, H5 <= X12), Z12, 0) + IF(AND(H5 >= W13, H5 <= X13), Z13, 0) + IF(AND(H5 >= W14, H5 <= X14), Z14, 0) + IF(AND(H5 >= W15, H5 <= X15), Z15, 0) + IF(AND(H5 >= W16, H5 <= X16), Z16, 0) + IF(AND(H5 >= W17, H5 <= X17), Z17, 0) + IF(AND(H5 >= W18, H5 <= X18), Z18, 0) + IF(AND(H5 >= W19, H5 <= X19), Z19, 0) + IF(AND(H5 >= W20, H5 <= X20), Z20, 0) + IF(AND(H5 >= W21, H5 <= X21), Z21, 0) + IF(AND(H5 >= W22, H5 <= X22), Z22, 0) + IF(AND(H5 >= W23, H5 <= X23), Z23, 0) ) < 1, "Surcharge Check", (IF(WEEKDAY(H5, 2) <= 5, AC2, AD2) + IF(AND(H5 >= W3, H5 <= X3), Z3, 0) + IF(AND(H5 >= W4, H5 <= X4), Z4, 0) + IF(AND(H5 >= W5, H5 <= X5), Z5, 0) + IF(AND(H5 >= W6, H5 <= X6), Z6, 0) + IF(AND(H5 >= W7, H5 <= X7), Z7, 0) + IF(AND(H5 >= W8, H5 <= X8), Z8, 0) + IF(AND(H5 >= W9, H5 <= X9), Z9, 0) + IF(AND(H5 >= W10, H5 <= X10), Z10, 0) + IF(AND(H5 >= W11, H5 <= X11), Z11, 0) + IF(AND(H5 >= W12, H5 <= X12), Z12, 0) + IF(AND(H5 >= W13, H5 <= X13), Z13, 0) + IF(AND(H5 >= W14, H5 <= X14), Z14, 0) + IF(AND(H5 >= W15, H5 <= X15), Z15, 0) + IF(AND(H5 >= W16, H5 <= X16), Z16, 0) + IF(AND(H5 >= W17, H5 <= X17), Z17, 0) + IF(AND(H5 >= W18, H5 <= X18), Z18, 0) + IF(AND(H5 >= W19, H5 <= X19), Z19, 0) + IF(AND(H5 >= W20, H5 <= X20), Z20, 0) + IF(AND(H5 >= W21, H5 <= X21), Z21, 0) + IF(AND(H5 >= W22, H5 <= X22), Z22, 0) + IF(AND(H5 >= W23, H5 <= X23), Z23, 0) ) ) -> 180 | M5: =$I$1+$K$1 -> 15 | N5: =L5*M5 -> 2700 | Q5: 옵션 - 2개 | R5: 0 | S5: 쇼핑 - 1회 | T5: 0 | V5: =서차지!B5 -> ITB Asia | W5: =서차지!C5 -> 45944 | X5: =서차지!D5 -> 45947 | Y5: =서차지!E5 -> 23 - 25 October 2025 | Z5: -2000 | AB5: ='25메인호텔'!F3 -> Aloft Novena | AC5: ='25메인호텔'!G3 -> 180 | AD5: ='25메인호텔'!H3 -> 180
B6: 인당 지상비 (SGD) | C6: =(SUM(O10:O40)+O2)/C4+R6+T6 -> 848.06667 | D6: 인당 지상비 (원화) | E6: =C6*$E$1 -> 932873.33 | L6: =IF( (IF(WEEKDAY(H6, 2) <= 5, AC2, AD2) + IF(AND(H6 >= W3, H6 <= X3), Z3, 0) + IF(AND(H6 >= W4, H6 <= X4), Z4, 0) + IF(AND(H6 >= W5, H6 <= X5), Z5, 0) + IF(AND(H6 >= W6, H6 <= X6), Z6, 0) + IF(AND(H6 >= W7, H6 <= X7), Z7, 0) + IF(AND(H6 >= W8, H6 <= X8), Z8, 0) + IF(AND(H6 >= W9, H6 <= X9), Z9, 0) + IF(AND(H6 >= W10, H6 <= X10), Z10, 0) + IF(AND(H6 >= W11, H6 <= X11), Z11, 0) + IF(AND(H6 >= W12, H6 <= X12), Z12, 0) + IF(AND(H6 >= W13, H6 <= X13), Z13, 0) + IF(AND(H6 >= W14, H6 <= X14), Z14, 0) + IF(AND(H6 >= W15, H6 <= X15), Z15, 0) + IF(AND(H6 >= W16, H6 <= X16), Z16, 0) + IF(AND(H6 >= W17, H6 <= X17), Z17, 0) + IF(AND(H6 >= W18, H6 <= X18), Z18, 0) + IF(AND(H6 >= W19, H6 <= X19), Z19, 0) + IF(AND(H6 >= W20, H6 <= X20), Z20, 0) + IF(AND(H6 >= W21, H6 <= X21), Z21, 0) + IF(AND(H6 >= W22, H6 <= X22), Z22, 0) + IF(AND(H6 >= W23, H6 <= X23), Z23, 0) ) < 1, "Surcharge Check", (IF(WEEKDAY(H6, 2) <= 5, AC2, AD2) + IF(AND(H6 >= W3, H6 <= X3), Z3, 0) + IF(AND(H6 >= W4, H6 <= X4), Z4, 0) + IF(AND(H6 >= W5, H6 <= X5), Z5, 0) + IF(AND(H6 >= W6, H6 <= X6), Z6, 0) + IF(AND(H6 >= W7, H6 <= X7), Z7, 0) + IF(AND(H6 >= W8, H6 <= X8), Z8, 0) + IF(AND(H6 >= W9, H6 <= X9), Z9, 0) + IF(AND(H6 >= W10, H6 <= X10), Z10, 0) + IF(AND(H6 >= W11, H6 <= X11), Z11, 0) + IF(AND(H6 >= W12, H6 <= X12), Z12, 0) + IF(AND(H6 >= W13, H6 <= X13), Z13, 0) + IF(AND(H6 >= W14, H6 <= X14), Z14, 0) + IF(AND(H6 >= W15, H6 <= X15), Z15, 0) + IF(AND(H6 >= W16, H6 <= X16), Z16, 0) + IF(AND(H6 >= W17, H6 <= X17), Z17, 0) + IF(AND(H6 >= W18, H6 <= X18), Z18, 0) + IF(AND(H6 >= W19, H6 <= X19), Z19, 0) + IF(AND(H6 >= W20, H6 <= X20), Z20, 0) + IF(AND(H6 >= W21, H6 <= X21), Z21, 0) + IF(AND(H6 >= W22, H6 <= X22), Z22, 0) + IF(AND(H6 >= W23, H6 <= X23), Z23, 0) ) ) -> 180 | Q6: 옵션 - 0개 | R6: 5 | S6: 쇼핑 - 0회 | T6: 5 | V6: =서차지!B6 -> FHA-HoReCa | W6: =서차지!C6 -> 45950 | X6: =서차지!D6 -> 45953 | Y6: =서차지!E6 -> 0 | Z6: -2000 | AB6: ='25메인호텔'!F4 -> Mercure Stevens | AC6: ='25메인호텔'!G4 -> 180 | AD6: ='25메인호텔'!H4 -> 180
B7: 옵션 | C7: 0 | D7: 쇼핑 | E7: 0 | V7: =서차지!B7 -> FinTech 2025 | W7: =서차지!C7 -> 45972 | X7: =서차지!D7 -> 45974 | Y7: =서차지!E7 -> 0 | Z7: -2000 | AB7: ='25메인호텔'!F5 -> M Hotel City Centre | AC7: ='25메인호텔'!G5 -> 230 | AD7: ='25메인호텔'!H5 -> 230
G8: 입장료(항공) | I8: 식사비 | K8: 차량 | M8: 가이드 | O8: 총합계 | V8: =서차지!B8 -> Christmas Day | W8: =서차지!C8 -> 46015 | X8: =서차지!D8 -> 46016 | Y8: =서차지!E8 -> 0 | Z8: -2000 | AB8: ='25메인호텔'!F6 -> Concorde Hotel | AC8: ='25메인호텔'!G6 -> 230 | AD8: ='25메인호텔'!H6 -> 230
B9: SGD/WON | C9: =E1 -> 1100 | D9: SGD/MYR | E9: 3.5 | G9: 금액 | H9: 인원 | I9: 금액 | J9: 인원 | K9: 금액 | L9: 인원 | M9: 금액 | N9: 인원 | V9: =서차지!B9 -> Year End | W9: =서차지!C9 -> 46021 | X9: =서차지!D9 -> 46023 | Y9: =서차지!E9 -> 0 | Z9: -2000 | AB9: ='25메인호텔'!F7 -> Oasia Novena | AC9: ='25메인호텔'!G7 -> 210 | AD9: ='25메인호텔'!H7 -> 210
B10: =TEXT(C5,"m월 d일 aaaa") -> 11월 18일 화요일 | C10: 인천출발 - 싱가포르 도착 | E10: =상품리스트!F3 -> 0 | K10: =IF(C4+E4<8,'가이드&차량'!C43, IF(C4+E4<=14,'가이드&차량'!C35,'가이드&차량'!C19)) -> 280 | L10: 1 | M10: ='가이드&차량'!C3 -> 150 | N10: 1 | O10: =(G10*H10)+(I10*J10)+(K10*L10)+(M10*N10) -> 430 | V10: =서차지!B10 -> Year End | W10: =서차지!C10 -> 46022 | X10: =서차지!D10 -> 46022 | Y10: =서차지!E10 -> 0 | Z10: -2000 | AB10: ='25메인호텔'!F8 -> Orchid Hotel | AC10: ='25메인호텔'!G8 -> 220 | AD10: ='25메인호텔'!H8 -> 220
C11: 가이드 미팅 후 싱가포르 호텔 이동 | O11: =(G11*H11)+(I11*J11)+(K11*L11)+(M11*N11) -> 0 | V11: =서차지!B11 -> Singapore Airshow 2026 | W11: =서차지!C11 -> 46056 | X11: =서차지!D11 -> 46059 | Y11: =서차지!E11 -> 3 - 6 Feb 2026 | AB11: ='25메인호텔'!F9 -> Amara Singapore | AC11: ='25메인호텔'!G9 -> 230 | AD11: ='25메인호텔'!H9 -> 230
C12: 싱가포르 호텔 투숙 | O12: =(G12*H12)+(I12*J12)+(K12*L12)+(M12*N12) -> 0 | V12: =서차지!B12 -> Chinese New Year | W12: =서차지!C12 -> 46069 | X12: =서차지!D12 -> 46077 | Y12: =서차지!E12 -> 16 - 24 Feb 2026 | AB12: ='25메인호텔'!F10 -> Orchard Hotel | AC12: ='25메인호텔'!G10 -> 240 | AD12: ='25메인호텔'!H10 -> 240
B13: =TEXT(C5+1,"m월 d일 aaaa") -> 11월 19일 수요일 | C13: 호텔 조식 후 가이드 미팅 | K13: =IF(C4+E4<8,'가이드&차량'!C47, IF(C4+E4<=14,'가이드&차량'!C39,'가이드&차량'!C23)) -> 630 | L13: =L10 -> 1 | M13: ='가이드&차량'!C6 -> 375 | N13: 1 | O13: =(G13*H13)+(I13*J13)+(K13*L13)+(M13*N13) -> 1005 | Q13: 차량/가이드 10시간 기준 | V13: =서차지!B13 -> Food & Hotel Beverage | W13: =서차지!C13 -> 0 | X13: =서차지!D13 -> 0 | Y13: =서차지!E13 -> 0 | AB13: ='25메인호텔'!F11 -> Grand Copthorne | AC13: ='25메인호텔'!G11 -> 240 | AD13: ='25메인호텔'!H11 -> 240
C14: 리버원더스 | G14: =일정!E38 -> 23.5 | H14: =$C$4+$E$4 -> 30 | O14: =(G14*H14)+(I14*J14)+(K14*L14)+(M14*N14) -> 705 | V14: =서차지!B14 -> CommunicAsia | W14: =서차지!C14 -> 0 | X14: =서차지!D14 -> 0 | Y14: =서차지!E14 -> 0 | AB14: ='25메인호텔'!F12 -> Mercure Tyrwhitt | AC14: ='25메인호텔'!G12 -> 170 | AD14: ='25메인호텔'!H12 -> 170
C15: (중식) 페라나카식 | I15: =식사!E21 -> 18 | J15: =$C$4+$E$4 -> 30 | O15: =(G15*H15)+(I15*J15)+(K15*L15)+(M15*N15) -> 540 | V15: =서차지!B15 -> National Day | W15: =서차지!C15 -> 0 | X15: =서차지!D15 -> 0 | Y15: =서차지!E15 -> 0 | AB15: ='25메인호텔'!F13 -> Hotel Boss | AC15: ='25메인호텔'!G13 -> 185 | AD15: ='25메인호텔'!H13 -> 185
C16: 머라이언 공원+에스플라네이드 | O16: =(G16*H16)+(I16*J16)+(K16*L16)+(M16*N16) -> 0 | AB16: ='25메인호텔'!F14 -> V Hotel Lavender | AC16: ='25메인호텔'!G14 -> 185 | AD16: ='25메인호텔'!H14 -> 185
C17: =일정!C27 -> 가든스바이더베이 2돔 ( 쥬랴기 ) | G17: =일정!E27 -> 28.3 | H17: =$C$4+$E$4 -> 30 | O17: =(G17*H17)+(I17*J17)+(K17*L17)+(M17*N17) -> 849 | AB17: ='25메인호텔'!F15 -> IbIs Novena | AC17: ='25메인호텔'!G15 -> 155 | AD17: ='25메인호텔'!H15 -> 155
C18: (석식) 오빠샤브- 스팀보트 +한식 뷔페 | I18: =식사!E7 -> 18 | J18: =$C$4+$E$4 -> 30 | O18: =(G18*H18)+(I18*J18)+(K18*L18)+(M18*N18) -> 540 | AB18: ='25메인호텔'!F16 -> IbIs bencoolen | AC18: ='25메인호텔'!G16 -> 185 | AD18: ='25메인호텔'!H16 -> 185
C19: 리버보트 탑승 + 슈퍼트리쇼 | G19: =일정!E30 -> 15 | H19: =$C$4+$E$4 -> 30 | O19: =(G19*H19)+(I19*J19)+(K19*L19)+(M19*N19) -> 450 | AB19: ='25메인호텔'!F17 -> Oasia Sentosa | AC19: ='25메인호텔'!G17 -> 240 | AD19: ='25메인호텔'!H17 -> 240
C20: 호텔 복귀 휴식 및 취침 | O20: =(G20*H20)+(I20*J20)+(K20*L20)+(M20*N20) -> 0 | AB20: ='25메인호텔'!F18 -> Swissotel The stamford | AC20: ='25메인호텔'!G18 -> 540 | AD20: ='25메인호텔'!H18 -> 540 | AE20: ='25메인호텔'!#REF! -> #REF! | AF20: ='25메인호텔'!#REF! -> #REF!
B21: =TEXT(C5+2,"m월 d일 aaaa") -> 11월 20일 목요일 | C21: 호텔 조식 후 가이드 미팅 | K21: =IF(C4+E4<8,'가이드&차량'!C47, IF(C4+E4<=14,'가이드&차량'!C39,'가이드&차량'!C23)) -> 630 | L21: =L10 -> 1 | M21: ='가이드&차량'!C6 -> 375 | N21: =N10 -> 1 | O21: =(G21*H21)+(I21*J21)+(K21*L21)+(M21*N21) -> 1005 | Q21: 차량/가이드 10시간 기준
C22: USS 자유 관람 | G22: =일정!E3 -> 75.3 | H22: =$C$4+$E$4 -> 30 | O22: =(G22*H22)+(I22*J22)+(K22*L22)+(M22*N22) -> 2259
C23: (중식) 자유식 20 SGD | I23: 20 | J23: =$C$4+$E$4 -> 30 | O23: =(G23*H23)+(I23*J23)+(K23*L23)+(M23*N23) -> 600
C24: (석식) 한식당 - 고기집(부대찌게+불고기세트) | I24: =식사!E15 -> 18 | J24: =$C$4+$E$4 -> 30 | O24: =(G24*H24)+(I24*J24)+(K24*L24)+(M24*N24) -> 540
C25: 호텔 수영장 | O25: =(G25*H25)+(I25*J25)+(K25*L25)+(M25*N25) -> 0
C26: 호텔 복귀 휴식 및 취침 | O26: =(G26*H26)+(I26*J26)+(K26*L26)+(M26*N26) -> 0
B27: =TEXT(C5+3,"m월 d일 aaaa") -> 11월 21일 금요일 | C27: 호텔 조식 후 가이드 미팅 | K27: =IF(C4+E4<8,'가이드&차량'!C47, IF(C4+E4<=14,'가이드&차량'!C39,'가이드&차량'!C23)) -> 630 | L27: =L10 -> 1 | M27: ='가이드&차량'!C6 -> 375 | N27: =N10 -> 1 | O27: =(G27*H27)+(I27*J27)+(K27*L27)+(M27*N27) -> 1005 | Q27: 차량/가이드 12시간 기준
C28: 버드파라다이스 | G28: =일정!E40 -> 24.5 | H28: =$C$4+$E$4 -> 30 | O28: =(G28*H28)+(I28*J28)+(K28*L28)+(M28*N28) -> 735
C29: (중식) 팽귄코브 | I29: =식사!E36 -> 20 | J29: =$C$4+$E$4 -> 30 | O29: =(G29*H29)+(I29*J29)+(K29*L29)+(M29*N29) -> 600
C30: 싱가포르 사이언스 센터 | G30: =일정!E34 -> 8.3 | H30: =$C$4+$E$4 -> 30 | O30: =(G30*H30)+(I30*J30)+(K30*L30)+(M30*N30) -> 249
C31: 비보시티 | O31: =(G31*H31)+(I31*J31)+(K31*L31)+(M31*N31) -> 0
C32: (석식) 비보시티 자유식 | I32: 20 | J32: =$C$4+$E$4 -> 30 | O32: =(G32*H32)+(I32*J32)+(K32*L32)+(M32*N32) -> 600
C33: 호텔 수영장 | O33: =(G33*H33)+(I33*J33)+(K33*L33)+(M33*N33) -> 0
C34: 호텔 복귀 휴식 및 취침 | O34: =(G34*H34)+(I34*J34)+(K34*L34)+(M34*N34) -> 0
B35: =TEXT(C5+4,"m월 d일 aaaa") -> 11월 22일 토요일 | C35: 호텔 조식 후 체크아웃 | K35: =IF(C4+E4<8,'가이드&차량'!C43, IF(C4+E4<=14,'가이드&차량'!C35,'가이드&차량'!C19)) -> 280 | L35: =L10 -> 1 | M35: ='가이드&차량'!C3 -> 150 | N35: =N10 -> 1 | O35: =(G35*H35)+(I35*J35)+(K35*L35)+(M35*N35) -> 430 | Q35: 차량/가이드 12시간 기준
C36: 공항 이동 후 출국 | E36: =상품리스트!I5 -> 0 | O36: =(G36*H36)+(I36*J36)+(K36*L36)+(M36*N36) -> 0
K37: =SUM(K10:K34) -> 2170 | M37: =SUM(M10:M34) -> 1275
B38: 기타비용 | C38: 기타 예비 비용 ( 1일 1인 생수 등) | G38: =$C$4+$E$4 -> 30 | I38: 10 | K38: 1 | O38: =G38*I38*K38 -> 300
C39: 핸들링차지 | G39: 50 | K39: =C4 -> 30 | O39: =G39*K39 -> 1500

Sheet 초2
A1: home | E1: ='가이드&차량'!B1 -> 1100 | G1: 호텔 | H1: 트윈/더블 | I1: =C4/2 -> 15 | J1: 싱글 | K1: 0 | L1: 금액 | M1: 룸넘버 | N1: 소계 | O1: 합계 | V1: * 서차지기간 확인필수 | AC1: 주중 | AD1: 주말
B2: 마스터코드 | C2: 초등학교 글로벌 문화체험 2 | H2: =C5 -> 45732 | J2: =AB2 -> Aloft Novena | L2: =IF( (IF(WEEKDAY(H2, 2) <= 5, AC2, AD2) + IF(AND(H2 >= W3, H2 <= X3), Z3, 0) + IF(AND(H2 >= W4, H2 <= X4), Z4, 0) + IF(AND(H2 >= W5, H2 <= X5), Z5, 0) + IF(AND(H2 >= W6, H2 <= X6), Z6, 0) + IF(AND(H2 >= W7, H2 <= X7), Z7, 0) + IF(AND(H2 >= W8, H2 <= X8), Z8, 0) + IF(AND(H2 >= W9, H2 <= X9), Z9, 0) + IF(AND(H2 >= W10, H2 <= X10), Z10, 0)) < 1, "Surcharge Check", (IF(WEEKDAY(H2, 2) <= 5, AC2, AD2) + IF(AND(H2 >= W3, H2 <= X3), Z3, 0) + IF(AND(H2 >= W4, H2 <= X4), Z4, 0) + IF(AND(H2 >= W5, H2 <= X5), Z5, 0) + IF(AND(H2 >= W6, H2 <= X6), Z6, 0) + IF(AND(H2 >= W7, H2 <= X7), Z7, 0) + IF(AND(H2 >= W8, H2 <= X8), Z8, 0) + IF(AND(H2 >= W9, H2 <= X9), Z9, 0) + IF(AND(H2 >= W10, H2 <= X10), Z10, 0)) ) -> 180 | M2: =$I$1+$K$1 -> 15 | N2: =L2*M2 -> 2700 | O2: =SUM(N2:N6) -> 8100 | Q2: 옵션 - 5개 | R2: -40 | S2: 쇼핑 - 4회 | T2: -30 | V2: EVENT | W2: 시작일 | X2: 마감일 | Y2: 실제 행사일 | AB2: Aloft Novena | AC2: 180 | AD2: 180
B3: 구분[여정] | C3: #USS #리버원더스 #사이언스센터 #스카이파크 | H3: =H2+1 -> 45733 | J3: =J2 -> Aloft Novena | L3: =IF( (IF(WEEKDAY(H3, 2) <= 5, AC2, AD2) + IF(AND(H3 >= W3, H3 <= X3), Z3, 0) + IF(AND(H3 >= W4, H3 <= X4), Z4, 0) + IF(AND(H3 >= W5, H3 <= X5), Z5, 0) + IF(AND(H3 >= W6, H3 <= X6), Z6, 0) + IF(AND(H3 >= W7, H3 <= X7), Z7, 0) + IF(AND(H3 >= W8, H3 <= X8), Z8, 0) + IF(AND(H3 >= W9, H3 <= X9), Z9, 0) + IF(AND(H3 >= W10, H3 <= X10), Z10, 0)) < 1, "Surcharge Check", (IF(WEEKDAY(H3, 2) <= 5, AC2, AD2) + IF(AND(H3 >= W3, H3 <= X3), Z3, 0) + IF(AND(H3 >= W4, H3 <= X4), Z4, 0) + IF(AND(H3 >= W5, H3 <= X5), Z5, 0) + IF(AND(H3 >= W6, H3 <= X6), Z6, 0) + IF(AND(H3 >= W7, H3 <= X7), Z7, 0) + IF(AND(H3 >= W8, H3 <= X8), Z8, 0) + IF(AND(H3 >= W9, H3 <= X9), Z9, 0) + IF(AND(H3 >= W10, H3 <= X10), Z10, 0)) ) -> 180 | M3: =$I$1+$K$1 -> 15 | N3: =L3*M3 -> 2700 | Q3: 옵션 - 4개 | R3: -30 | S3: 쇼핑 - 3회 | T3: -20 | V3: =서차지!B3 -> World Paralympic Swimming | W3: =서차지!C3 -> 45921 | X3: =서차지!D3 -> 45562 | Y3: =서차지!E3 -> 21 – 27 September 2025 | Z3: -2000
B4: 인원(손님) | C4: 30 | D4: 인원(FOC) | H4: =H3+1 -> 45734 | J4: =J2 -> Aloft Novena | L4: =IF( (IF(WEEKDAY(H4, 2) <= 5, AC2, AD2) + IF(AND(H4 >= W3, H4 <= X3), Z3, 0) + IF(AND(H4 >= W4, H4 <= X4), Z4, 0) + IF(AND(H4 >= W5, H4 <= X5), Z5, 0) + IF(AND(H4 >= W6, H4 <= X6), Z6, 0) + IF(AND(H4 >= W7, H4 <= X7), Z7, 0) + IF(AND(H4 >= W8, H4 <= X8), Z8, 0) + IF(AND(H4 >= W9, H4 <= X9), Z9, 0) + IF(AND(H4 >= W10, H4 <= X10), Z10, 0)) < 1, "Surcharge Check", (IF(WEEKDAY(H4, 2) <= 5, AC2, AD2) + IF(AND(H4 >= W3, H4 <= X3), Z3, 0) + IF(AND(H4 >= W4, H4 <= X4), Z4, 0) + IF(AND(H4 >= W5, H4 <= X5), Z5, 0) + IF(AND(H4 >= W6, H4 <= X6), Z6, 0) + IF(AND(H4 >= W7, H4 <= X7), Z7, 0) + IF(AND(H4 >= W8, H4 <= X8), Z8, 0) + IF(AND(H4 >= W9, H4 <= X9), Z9, 0) + IF(AND(H4 >= W10, H4 <= X10), Z10, 0)) ) -> 180 | M4: =$I$1+$K$1 -> 15 | N4: =L4*M4 -> 2700 | Q4: 옵션 - 3개 | R4: -20 | S4: 쇼핑 - 2회 | T4: -10 | V4: =서차지!B4 -> Singapore Formula One (F1) | W4: =서차지!C4 -> 45932 | X4: =서차지!D4 -> 45935 | Y4: =서차지!E4 -> 02 Oct - 05 Oct, 2025 | Z4: -2000 | AB4: ='25메인호텔'!F2 -> Momentus | AC4: ='25메인호텔'!G2 -> 190 | AD4: ='25메인호텔'!H2 -> 180
B5: 도착날짜 | C5: 45732 | D5: 3 | E5: =C5+D5 -> 45735 | Q5: 옵션 - 2개 | R5: 0 | S5: 쇼핑 - 1회 | T5: 0 | V5: =서차지!B5 -> ITB Asia | W5: =서차지!C5 -> 45944 | X5: =서차지!D5 -> 45947 | Y5: =서차지!E5 -> 23 - 25 October 2025 | Z5: -2000 | AB5: ='25메인호텔'!F3 -> Aloft Novena | AC5: ='25메인호텔'!G3 -> 180 | AD5: ='25메인호텔'!H3 -> 180
B6: 인당 지상비 (SGD) | C6: =(SUM(O10:O41)+O2)/C4+R6+T6 -> 862.03333 | D6: 인당 지상비 (원화) | E6: =C6*$E$1 -> 948236.67 | Q6: 옵션 - 0개 | R6: 5 | S6: 쇼핑 - 0회 | T6: 5 | V6: =서차지!B6 -> FHA-HoReCa | W6: =서차지!C6 -> 45950 | X6: =서차지!D6 -> 45953 | Y6: =서차지!E6 -> 0 | Z6: -2000 | AB6: ='25메인호텔'!F4 -> Mercure Stevens | AC6: ='25메인호텔'!G4 -> 180 | AD6: ='25메인호텔'!H4 -> 180
B7: 옵션 | C7: 0 | D7: 쇼핑 | E7: 0 | V7: =서차지!B7 -> FinTech 2025 | W7: =서차지!C7 -> 45972 | X7: =서차지!D7 -> 45974 | Y7: =서차지!E7 -> 0 | Z7: -2000 | AB7: ='25메인호텔'!F5 -> M Hotel City Centre | AC7: ='25메인호텔'!G5 -> 230 | AD7: ='25메인호텔'!H5 -> 230
G8: 입장료(항공) | I8: 식사비 | K8: 차량 | M8: 가이드 | O8: 총합계 | V8: =서차지!B8 -> Christmas Day | W8: =서차지!C8 -> 46015 | X8: =서차지!D8 -> 46016 | Y8: =서차지!E8 -> 0 | Z8: -2000 | AB8: ='25메인호텔'!F6 -> Concorde Hotel | AC8: ='25메인호텔'!G6 -> 230 | AD8: ='25메인호텔'!H6 -> 230
B9: SGD/WON | C9: =E1 -> 1100 | D9: SGD/MYR | E9: 3.5 | G9: 금액 | H9: 인원 | I9: 금액 | J9: 인원 | K9: 금액 | L9: 인원 | M9: 금액 | N9: 인원 | V9: =서차지!B9 -> Year End | W9: =서차지!C9 -> 46021 | X9: =서차지!D9 -> 46023 | Y9: =서차지!E9 -> 0 | Z9: -2000 | AB9: ='25메인호텔'!F7 -> Oasia Novena | AC9: ='25메인호텔'!G7 -> 210 | AD9: ='25메인호텔'!H7 -> 210
B10: =TEXT(C5,"m월 d일 aaaa") -> 3월 16일 일요일 | C10: 인천출발 - 싱가포르 도착 | E10: =상품리스트!F4 -> 0 | K10: =IF(C4+E4<8,'가이드&차량'!C43, IF(C4+E4<=14,'가이드&차량'!C35,'가이드&차량'!C19)) -> 280 | L10: 1 | M10: ='가이드&차량'!C3 -> 150 | N10: 1 | O10: =(G10*H10)+(I10*J10)+(K10*L10)+(M10*N10) -> 430 | V10: =서차지!B10 -> Year End | W10: =서차지!C10 -> 46022 | X10: =서차지!D10 -> 46022 | Y10: =서차지!E10 -> 0 | Z10: -2000 | AB10: ='25메인호텔'!F8 -> Orchid Hotel | AC10: ='25메인호텔'!G8 -> 220 | AD10: ='25메인호텔'!H8 -> 220
C11: 가이드 미팅 후 싱가포르 호텔 이동 | O11: =(G11*H11)+(I11*J11)+(K11*L11)+(M11*N11) -> 0 | V11: =서차지!B11 -> Singapore Airshow 2026 | W11: =서차지!C11 -> 46056 | X11: =서차지!D11 -> 46059 | Y11: =서차지!E11 -> 3 - 6 Feb 2026 | AB11: ='25메인호텔'!F9 -> Amara Singapore | AC11: ='25메인호텔'!G9 -> 230 | AD11: ='25메인호텔'!H9 -> 230
C12: 싱가포르 호텔 투숙 | O12: =(G12*H12)+(I12*J12)+(K12*L12)+(M12*N12) -> 0 | V12: =서차지!B12 -> Chinese New Year | W12: =서차지!C12 -> 46069 | X12: =서차지!D12 -> 46077 | Y12: =서차지!E12 -> 16 - 24 Feb 2026 | AB12: ='25메인호텔'!F10 -> Orchard Hotel | AC12: ='25메인호텔'!G10 -> 240 | AD12: ='25메인호텔'!H10 -> 240
B13: =TEXT(C5+1,"m월 d일 aaaa") -> 3월 17일 월요일 | C13: 호텔 조식 후 가이드 미팅 | K13: =IF(C4+E4<8,'가이드&차량'!C47, IF(C4+E4<=14,'가이드&차량'!C39,'가이드&차량'!C23)) -> 630 | L13: =L10 -> 1 | M13: ='가이드&차량'!C6 -> 375 | N13: =N10 -> 1 | O13: =(G13*H13)+(I13*J13)+(K13*L13)+(M13*N13) -> 1005 | Q13: 차량/가이드 10시간 기준 | V13: =서차지!B13 -> Food & Hotel Beverage | W13: =서차지!C13 -> 0 | X13: =서차지!D13 -> 0 | Y13: =서차지!E13 -> 0 | AB13: ='25메인호텔'!F11 -> Grand Copthorne | AC13: ='25메인호텔'!G11 -> 240 | AD13: ='25메인호텔'!H11 -> 240
C14: 보타닉가든 | O14: =(G14*H14)+(I14*J14)+(K14*L14)+(M14*N14) -> 0 | V14: =서차지!B14 -> CommunicAsia | W14: =서차지!C14 -> 0 | X14: =서차지!D14 -> 0 | Y14: =서차지!E14 -> 0 | AB14: ='25메인호텔'!F12 -> Mercure Tyrwhitt | AC14: ='25메인호텔'!G12 -> 170 | AD14: ='25메인호텔'!H12 -> 170
C15: 리버원더스 (아마존 리퀘스트 포함) | G15: =일정!E39 -> 28.5 | H15: =$C$4+$E$4 -> 30 | O15: =(G15*H15)+(I15*J15)+(K15*L15)+(M15*N15) -> 855 | V15: =서차지!B15 -> National Day | W15: =서차지!C15 -> 0 | X15: =서차지!D15 -> 0 | Y15: =서차지!E15 -> 0 | AB15: ='25메인호텔'!F13 -> Hotel Boss | AC15: ='25메인호텔'!G13 -> 185 | AD15: ='25메인호텔'!H13 -> 185
C16: (중식) 딤섬 세트 - 얌차 [특식] | I16: =식사!E23 -> 28 | J16: =$C$4+$E$4 -> 30 | O16: =(G16*H16)+(I16*J16)+(K16*L16)+(M16*N16) -> 840 | AB16: ='25메인호텔'!F14 -> V Hotel Lavender | AC16: ='25메인호텔'!G14 -> 185 | AD16: ='25메인호텔'!H14 -> 185
C17: 머라이언파크 + 시청광장 + 에스플러네이드 | O17: =(G17*H17)+(I17*J17)+(K17*L17)+(M17*N17) -> 0 | AB17: ='25메인호텔'!F15 -> IbIs Novena | AC17: ='25메인호텔'!G15 -> 155 | AD17: ='25메인호텔'!H15 -> 155
C18: [간식] 카야토스트 + 아이스 마일로 | I18: 7 | J18: =$C$4+$E$4 -> 30 | O18: =(G18*H18)+(I18*J18)+(K18*L18)+(M18*N18) -> 210 | AB18: ='25메인호텔'!F16 -> IbIs bencoolen | AC18: ='25메인호텔'!G16 -> 185 | AD18: ='25메인호텔'!H16 -> 185
C19: =일정!C27 -> 가든스바이더베이 2돔 ( 쥬랴기 ) | G19: =일정!E27 -> 28.3 | H19: =$C$4+$E$4 -> 30 | O19: =(G19*H19)+(I19*J19)+(K19*L19)+(M19*N19) -> 849 | AB19: ='25메인호텔'!F17 -> Oasia Sentosa | AC19: ='25메인호텔'!G17 -> 240 | AD19: ='25메인호텔'!H17 -> 240
C20: (석식) 스팀보트 : 고로고로 | I20: =식사!E7 -> 18 | J20: =$C$4+$E$4 -> 30 | O20: =(G20*H20)+(I20*J20)+(K20*L20)+(M20*N20) -> 540 | AB20: ='25메인호텔'!F18 -> Swissotel The stamford | AC20: ='25메인호텔'!G18 -> 540 | AD20: ='25메인호텔'!H18 -> 540 | AE20: ='25메인호텔'!#REF! -> #REF! | AF20: ='25메인호텔'!#REF! -> #REF!
C21: 슈퍼트리 쇼 | O21: =(G21*H21)+(I21*J21)+(K21*L21)+(M21*N21) -> 0
C22: 호텔 복귀 휴식 및 취침 | O22: =(G22*H22)+(I22*J22)+(K22*L22)+(M22*N22) -> 0
B23: =TEXT(C5+2,"m월 d일 aaaa") -> 3월 18일 화요일 | C23: 호텔 조식 후 가이드 미팅 | K23: =IF(C4+E4<8,'가이드&차량'!C47, IF(C4+E4<=14,'가이드&차량'!C39,'가이드&차량'!C23)) -> 630 | L23: =L10 -> 1 | M23: ='가이드&차량'!C6 -> 375 | N23: =N10 -> 1 | O23: =(G23*H23)+(I23*J23)+(K23*L23)+(M23*N23) -> 1005 | Q23: 차량/가이드 10시간 기준
C24: 센토사 섬 ( 케이블카 + 루지2회 ) + 실로소 | G24: =일정!E10+일정!E20 -> 53.5 | H24: =$C$4+$E$4 -> 30 | O24: =(G24*H24)+(I24*J24)+(K24*L24)+(M24*N24) -> 1605
C25: [간식] 아이스크림 | I25: 5 | J25: =$C$4+$E$4 -> 30 | O25: =(G25*H25)+(I25*J25)+(K25*L25)+(M25*N25) -> 150
C26: (중식) 자유식 30 SGD | I26: 30 | J26: =$C$4+$E$4 -> 30 | O26: =(G26*H26)+(I26*J26)+(K26*L26)+(M26*N26) -> 900
C27: USS 자유 관람 | G27: =일정!E3 -> 75.3 | H27: =$C$4+$E$4 -> 30 | O27: =(G27*H27)+(I27*J27)+(K27*L27)+(M27*N27) -> 2259
C28: (석식) 자유식 30 SGD | I28: 30 | J28: =$C$4+$E$4 -> 30 | O28: =(G28*H28)+(I28*J28)+(K28*L28)+(M28*N28) -> 900
C29: 호텔 복귀 휴식 및 취침 | O29: =(G29*H29)+(I29*J29)+(K29*L29)+(M29*N29) -> 0
B30: =TEXT(C5+3,"m월 d일 aaaa") -> 3월 19일 수요일 | C30: 호텔 조식 후 가이드 미팅 | K30: =IF(C4+E4<8,'가이드&차량'!C47, IF(C4+E4<=14,'가이드&차량'!C39,'가이드&차량'!C23)) -> 630 | L30: =L10 -> 1 | M30: 525 | N30: =N10 -> 1 | O30: =(G30*H30)+(I30*J30)+(K30*L30)+(M30*N30) -> 1155 | Q30: 차량/가이드 12시간 기준
C31: 차이나타운 + 아랍스트리트 + 리틀인디아 | O31: =(G31*H31)+(I31*J31)+(K31*L31)+(M31*N31) -> 0
C32: [간식] 컵과일 | I32: 5 | J32: =$C$4+$E$4 -> 30 | O32: =(G32*H32)+(I32*J32)+(K32*L32)+(M32*N32) -> 150
C33: (중식) 송파바쿠테 - 특식 | I33: =식사!E20 -> 20 | J33: =$C$4+$E$4 -> 30 | O33: =(G33*H33)+(I33*J33)+(K33*L33)+(M33*N33) -> 600
C34: 싱가포르 사이언스 센터 | G34: =일정!E34 -> 8.3 | H34: =$C$4+$E$4 -> 30 | O34: =(G34*H34)+(I34*J34)+(K34*L34)+(M34*N34) -> 249
C35: 마리나베이샌즈 전망대 | G35: =일정!E36 -> 30.3 | H35: =$C$4+$E$4 -> 30 | O35: =(G35*H35)+(I35*J35)+(K35*L35)+(M35*N35) -> 909
C36: (석식) 한식 - SBCD 북창동 순두부 | I36: =식사!E3 -> 25 | J36: =$C$4+$E$4 -> 30 | O36: =(G36*H36)+(I36*J36)+(K36*L36)+(M36*N36) -> 750
C37: 공항 이동 후 출국 | E37: =상품리스트!I6 -> 0 | O37: =(G37*H37)+(I37*J37)+(K37*L37)+(M37*N37) -> 0
K38: =SUM(K10:K37) -> 2170 | M38: =SUM(M10:M37) -> 1425
B39: 기타비용 | C39: 기타 예비 비용 ( 1일 1인 2생수 등) | G39: =$C$4+$E$4 -> 30 | I39: 20 | K39: 1 | O39: =G39*I39*K39 -> 600
C40: 핸들링차지 | G40: 50 | K40: =C4 -> 30 | O40: =G40*K40 -> 1500

Sheet 초3
A1: home | E1: ='가이드&차량'!B1 -> 1100 | G1: 호텔 | H1: 트윈/더블 | I1: =C4/2 -> 63 | J1: 싱글 | K1: 0 | L1: 금액 | M1: 룸넘버 | N1: 소계 | O1: 합계 | V1: * 서차지기간 확인필수 | AC1: 주중 | AD1: 주말
B2: 마스터코드 | C2: 계성초등학교 | H2: =C5 -> 45761 | J2: =AB2 -> Amara Singapore | L2: =IF( (IF(WEEKDAY(H2, 2) <= 5, AC2, AD2) + IF(AND(H2 >= W3, H2 <= X3), Z3, 0) + IF(AND(H2 >= W4, H2 <= X4), Z4, 0) + IF(AND(H2 >= W5, H2 <= X5), Z5, 0) + IF(AND(H2 >= W6, H2 <= X6), Z6, 0) + IF(AND(H2 >= W7, H2 <= X7), Z7, 0) + IF(AND(H2 >= W8, H2 <= X8), Z8, 0) + IF(AND(H2 >= W9, H2 <= X9), Z9, 0) + IF(AND(H2 >= W10, H2 <= X10), Z10, 0)) < 1, "Surcharge Check", (IF(WEEKDAY(H2, 2) <= 5, AC2, AD2) + IF(AND(H2 >= W3, H2 <= X3), Z3, 0) + IF(AND(H2 >= W4, H2 <= X4), Z4, 0) + IF(AND(H2 >= W5, H2 <= X5), Z5, 0) + IF(AND(H2 >= W6, H2 <= X6), Z6, 0) + IF(AND(H2 >= W7, H2 <= X7), Z7, 0) + IF(AND(H2 >= W8, H2 <= X8), Z8, 0) + IF(AND(H2 >= W9, H2 <= X9), Z9, 0) + IF(AND(H2 >= W10, H2 <= X10), Z10, 0)) ) -> 240 | M2: =$I$1+$K$1 -> 63 | N2: =L2*M2 -> 15120 | O2: =SUM(N2:N6) -> 60480 | Q2: 옵션 - 5개 | R2: -40 | S2: 쇼핑 - 4회 | T2: -30 | V2: EVENT | W2: 시작일 | X2: 마감일 | Y2: 실제 행사일 | AB2: Amara Singapore | AC2: 240 | AD2: 240
B3: 구분[여정] | C3: #USS #리버원더스 #사이언스센터 #스카이파크 | H3: =H2+1 -> 45762 | J3: =J2 -> Amara Singapore | L3: =IF( (IF(WEEKDAY(H3, 2) <= 5, AC2, AD2) + IF(AND(H3 >= W3, H3 <= X3), Z3, 0) + IF(AND(H3 >= W4, H3 <= X4), Z4, 0) + IF(AND(H3 >= W5, H3 <= X5), Z5, 0) + IF(AND(H3 >= W6, H3 <= X6), Z6, 0) + IF(AND(H3 >= W7, H3 <= X7), Z7, 0) + IF(AND(H3 >= W8, H3 <= X8), Z8, 0) + IF(AND(H3 >= W9, H3 <= X9), Z9, 0) + IF(AND(H3 >= W10, H3 <= X10), Z10, 0)) < 1, "Surcharge Check", (IF(WEEKDAY(H3, 2) <= 5, AC2, AD2) + IF(AND(H3 >= W3, H3 <= X3), Z3, 0) + IF(AND(H3 >= W4, H3 <= X4), Z4, 0) + IF(AND(H3 >= W5, H3 <= X5), Z5, 0) + IF(AND(H3 >= W6, H3 <= X6), Z6, 0) + IF(AND(H3 >= W7, H3 <= X7), Z7, 0) + IF(AND(H3 >= W8, H3 <= X8), Z8, 0) + IF(AND(H3 >= W9, H3 <= X9), Z9, 0) + IF(AND(H3 >= W10, H3 <= X10), Z10, 0)) ) -> 240 | M3: =$I$1+$K$1 -> 63 | N3: =L3*M3 -> 15120 | Q3: 옵션 - 4개 | R3: -30 | S3: 쇼핑 - 3회 | T3: -20 | V3: =서차지!B3 -> World Paralympic Swimming | W3: =서차지!C3 -> 45921 | X3: =서차지!D3 -> 45562 | Y3: =서차지!E3 -> 21 – 27 September 2025 | Z3: -2000
B4: 인원(손님) | C4: 126 | D4: 인원(FOC) | H4: =H3+1 -> 45763 | J4: =J2 -> Amara Singapore | L4: =IF( (IF(WEEKDAY(H4, 2) <= 5, AC2, AD2) + IF(AND(H4 >= W3, H4 <= X3), Z3, 0) + IF(AND(H4 >= W4, H4 <= X4), Z4, 0) + IF(AND(H4 >= W5, H4 <= X5), Z5, 0) + IF(AND(H4 >= W6, H4 <= X6), Z6, 0) + IF(AND(H4 >= W7, H4 <= X7), Z7, 0) + IF(AND(H4 >= W8, H4 <= X8), Z8, 0) + IF(AND(H4 >= W9, H4 <= X9), Z9, 0) + IF(AND(H4 >= W10, H4 <= X10), Z10, 0)) < 1, "Surcharge Check", (IF(WEEKDAY(H4, 2) <= 5, AC2, AD2) + IF(AND(H4 >= W3, H4 <= X3), Z3, 0) + IF(AND(H4 >= W4, H4 <= X4), Z4, 0) + IF(AND(H4 >= W5, H4 <= X5), Z5, 0) + IF(AND(H4 >= W6, H4 <= X6), Z6, 0) + IF(AND(H4 >= W7, H4 <= X7), Z7, 0) + IF(AND(H4 >= W8, H4 <= X8), Z8, 0) + IF(AND(H4 >= W9, H4 <= X9), Z9, 0) + IF(AND(H4 >= W10, H4 <= X10), Z10, 0)) ) -> 240 | M4: =$I$1+$K$1 -> 63 | N4: =L4*M4 -> 15120 | Q4: 옵션 - 3개 | R4: -20 | S4: 쇼핑 - 2회 | T4: -10 | V4: =서차지!B4 -> Singapore Formula One (F1) | W4: =서차지!C4 -> 45932 | X4: =서차지!D4 -> 45935 | Y4: =서차지!E4 -> 02 Oct - 05 Oct, 2025 | Z4: -2000 | AB4: ='25메인호텔'!F2 -> Momentus | AC4: ='25메인호텔'!G2 -> 190 | AD4: ='25메인호텔'!H2 -> 180
B5: 도착날짜 | C5: 45761 | D5: 3 | E5: =C5+D5 -> 45764 | H5: =H4+1 -> 45764 | J5: =J2 -> Amara Singapore | L5: =IF( (IF(WEEKDAY(H5, 2) <= 5, AC2, AD2) + IF(AND(H5 >= W3, H5 <= X3), Z3, 0) + IF(AND(H5 >= W4, H5 <= X4), Z4, 0) + IF(AND(H5 >= W5, H5 <= X5), Z5, 0) + IF(AND(H5 >= W6, H5 <= X6), Z6, 0) + IF(AND(H5 >= W7, H5 <= X7), Z7, 0) + IF(AND(H5 >= W8, H5 <= X8), Z8, 0) + IF(AND(H5 >= W9, H5 <= X9), Z9, 0) + IF(AND(H5 >= W10, H5 <= X10), Z10, 0)) < 1, "Surcharge Check", (IF(WEEKDAY(H5, 2) <= 5, AC2, AD2) + IF(AND(H5 >= W3, H5 <= X3), Z3, 0) + IF(AND(H5 >= W4, H5 <= X4), Z4, 0) + IF(AND(H5 >= W5, H5 <= X5), Z5, 0) + IF(AND(H5 >= W6, H5 <= X6), Z6, 0) + IF(AND(H5 >= W7, H5 <= X7), Z7, 0) + IF(AND(H5 >= W8, H5 <= X8), Z8, 0) + IF(AND(H5 >= W9, H5 <= X9), Z9, 0) + IF(AND(H5 >= W10, H5 <= X10), Z10, 0)) ) -> 240 | M5: =$I$1+$K$1 -> 63 | N5: =L5*M5 -> 15120 | Q5: 옵션 - 2개 | R5: 0 | S5: 쇼핑 - 1회 | T5: 0 | V5: =서차지!B5 -> ITB Asia | W5: =서차지!C5 -> 45944 | X5: =서차지!D5 -> 45947 | Y5: =서차지!E5 -> 23 - 25 October 2025 | Z5: -2000 | AB5: ='25메인호텔'!F3 -> Aloft Novena | AC5: ='25메인호텔'!G3 -> 180 | AD5: ='25메인호텔'!H3 -> 180
B6: 인당 지상비 (SGD) | C6: =(SUM(O10:O48)+O2)/C4+R6+T6 -> 1262.4667 | D6: 인당 지상비 (원화) | E6: =C6*$E$1 -> 1388713.3 | Q6: 옵션 - 0개 | R6: 5 | S6: 쇼핑 - 0회 | T6: 5 | V6: =서차지!B6 -> FHA-HoReCa | W6: =서차지!C6 -> 45950 | X6: =서차지!D6 -> 45953 | Y6: =서차지!E6 -> 0 | Z6: -2000 | AB6: ='25메인호텔'!F4 -> Mercure Stevens | AC6: ='25메인호텔'!G4 -> 180 | AD6: ='25메인호텔'!H4 -> 180
B7: 옵션 | C7: 0 | D7: 쇼핑 | E7: 0 | V7: =서차지!B7 -> FinTech 2025 | W7: =서차지!C7 -> 45972 | X7: =서차지!D7 -> 45974 | Y7: =서차지!E7 -> 0 | Z7: -2000 | AB7: ='25메인호텔'!F5 -> M Hotel City Centre | AC7: ='25메인호텔'!G5 -> 230 | AD7: ='25메인호텔'!H5 -> 230
G8: 입장료(항공) | I8: 식사비 | K8: 차량 | M8: 가이드 | O8: 총합계 | V8: =서차지!B8 -> Christmas Day | W8: =서차지!C8 -> 46015 | X8: =서차지!D8 -> 46016 | Y8: =서차지!E8 -> 0 | Z8: -2000 | AB8: ='25메인호텔'!F6 -> Concorde Hotel | AC8: ='25메인호텔'!G6 -> 230 | AD8: ='25메인호텔'!H6 -> 230
B9: SGD/WON | C9: =E1 -> 1100 | D9: SGD/MYR | E9: 3.5 | G9: 금액 | H9: 인원 | I9: 금액 | J9: 인원 | K9: 금액 | L9: 인원 | M9: 금액 | N9: 인원 | V9: =서차지!B9 -> Year End | W9: =서차지!C9 -> 46021 | X9: =서차지!D9 -> 46023 | Y9: =서차지!E9 -> 0 | Z9: -2000 | AB9: ='25메인호텔'!F7 -> Oasia Novena | AC9: ='25메인호텔'!G7 -> 210 | AD9: ='25메인호텔'!H7 -> 210
B10: =TEXT(C5,"m월 d일 aaaa") -> 4월 14일 월요일 | C10: 인천출발 - 싱가포르 도착 | E10: 0.82986111 | K10: =IF(C4+E4<8,'가이드&차량'!C43, IF(C4+E4<=14,'가이드&차량'!C35,'가이드&차량'!C19)) -> 280 | L10: 3 | M10: ='가이드&차량'!C3 -> 150 | N10: 3 | O10: =(G10*H10)+(I10*J10)+(K10*L10)+(M10*N10) -> 1290 | V10: =서차지!B10 -> Year End | W10: =서차지!C10 -> 46022 | X10: =서차지!D10 -> 46022 | Y10: =서차지!E10 -> 0 | Z10: -2000 | AB10: ='25메인호텔'!F8 -> Orchid Hotel | AC10: ='25메인호텔'!G8 -> 220 | AD10: ='25메인호텔'!H8 -> 220
C11: 가이드 미팅 후 싱가포르 호텔 이동 | O11: =(G11*H11)+(I11*J11)+(K11*L11)+(M11*N11) -> 0 | V11: =서차지!B11 -> Singapore Airshow 2026 | W11: =서차지!C11 -> 46056 | X11: =서차지!D11 -> 46059 | Y11: =서차지!E11 -> 3 - 6 Feb 2026 | AB11: ='25메인호텔'!F9 -> Amara Singapore | AC11: ='25메인호텔'!G9 -> 230 | AD11: ='25메인호텔'!H9 -> 230
C12: 싱가포르 호텔 투숙 | O12: =(G12*H12)+(I12*J12)+(K12*L12)+(M12*N12) -> 0 | V12: =서차지!B12 -> Chinese New Year | W12: =서차지!C12 -> 46069 | X12: =서차지!D12 -> 46077 | Y12: =서차지!E12 -> 16 - 24 Feb 2026 | AB12: ='25메인호텔'!F10 -> Orchard Hotel | AC12: ='25메인호텔'!G10 -> 240 | AD12: ='25메인호텔'!H10 -> 240
B13: =TEXT(C5+1,"m월 d일 aaaa") -> 4월 15일 화요일 | C13: 호텔 조식 후 가이드 미팅 | K13: =IF(C4+E4<8,'가이드&차량'!C47, IF(C4+E4<=14,'가이드&차량'!C39,'가이드&차량'!C23)) -> 630 | L13: =L10 -> 3 | M13: ='가이드&차량'!C6 -> 375 | N13: 3 | O13: =(G13*H13)+(I13*J13)+(K13*L13)+(M13*N13) -> 3015 | Q13: 차량/가이드 10시간 기준 | V13: =서차지!B3 -> World Paralympic Swimming | W13: =서차지!C3 -> 45921 | X13: =서차지!D3 -> 45562 | Y13: =서차지!E3 -> 21 – 27 September 2025 | AB13: ='25메인호텔'!F11 -> Grand Copthorne | AC13: ='25메인호텔'!G11 -> 240 | AD13: ='25메인호텔'!H11 -> 240
C14: USS 자유 관람 | G14: =일정!E3 -> 75.3 | H14: =$C$4+$E$4 -> 126 | O14: =(G14*H14)+(I14*J14)+(K14*L14)+(M14*N14) -> 9487.8 | V14: =서차지!B4 -> Singapore Formula One (F1) | W14: =서차지!C4 -> 45932 | X14: =서차지!D4 -> 45935 | Y14: =서차지!E4 -> 02 Oct - 05 Oct, 2025 | AB14: ='25메인호텔'!F12 -> Mercure Tyrwhitt | AC14: ='25메인호텔'!G12 -> 170 | AD14: ='25메인호텔'!H12 -> 170
C15: (중식) 자유식 25 SGD | I15: 25 | J15: =$C$4+$E$4 -> 126 | O15: =(G15*H15)+(I15*J15)+(K15*L15)+(M15*N15) -> 3150 | AB15: ='25메인호텔'!F13 -> Hotel Boss | AC15: ='25메인호텔'!G13 -> 185 | AD15: ='25메인호텔'!H13 -> 185
C16: SEA 아쿠아리움 | G16: =일정!E8 -> 35.3 | H16: =$C$4+$E$4 -> 126 | O16: =(G16*H16)+(I16*J16)+(K16*L16)+(M16*N16) -> 4447.8 | AB16: ='25메인호텔'!F14 -> V Hotel Lavender | AC16: ='25메인호텔'!G14 -> 185 | AD16: ='25메인호텔'!H14 -> 185
C17: (석식) 스팀보트+한식 뷔페 (고로고로) | I17: 18 | J17: =$C$4+$E$4 -> 126 | O17: =(G17*H17)+(I17*J17)+(K17*L17)+(M17*N17) -> 2268 | AB17: ='25메인호텔'!F15 -> IbIs Novena | AC17: ='25메인호텔'!G15 -> 155 | AD17: ='25메인호텔'!H15 -> 155
C18: 호텔 복귀 휴식 및 취침 | O18: =(G18*H18)+(I18*J18)+(K18*L18)+(M18*N18) -> 0 | AB18: ='25메인호텔'!F16 -> IbIs bencoolen | AC18: ='25메인호텔'!G16 -> 185 | AD18: ='25메인호텔'!H16 -> 185
B19: =TEXT(C5+2,"m월 d일 aaaa") -> 4월 16일 수요일 | C19: 호텔 조식 후 가이드 미팅 | K19: =IF(C4+E4<8,'가이드&차량'!C47, IF(C4+E4<=14,'가이드&차량'!C39,'가이드&차량'!C23)) -> 630 | L19: =L10 -> 3 | M19: ='가이드&차량'!C6 -> 375 | N19: 3 | O19: =(G19*H19)+(I19*J19)+(K19*L19)+(M19*N19) -> 3015 | Q19: 차량/가이드 10시간 기준 | V19: =서차지!B13 -> Food & Hotel Beverage | W19: =서차지!C13 -> 0 | X19: =서차지!D13 -> 0 | Y19: =서차지!E13 -> 0 | AB19: ='25메인호텔'!F17 -> Oasia Sentosa | AC19: ='25메인호텔'!G17 -> 240 | AD19: ='25메인호텔'!H17 -> 240
C20: 멀라이언 공원 | O20: =(G20*H20)+(I20*J20)+(K20*L20)+(M20*N20) -> 0 | V20: =서차지!B14 -> CommunicAsia | W20: =서차지!C14 -> 0 | X20: =서차지!D14 -> 0 | Y20: =서차지!E14 -> 0 | AB20: ='25메인호텔'!F18 -> Swissotel The stamford | AC20: ='25메인호텔'!G18 -> 540 | AD20: ='25메인호텔'!H18 -> 540 | AE20: ='25메인호텔'!#REF! -> #REF! | AF20: ='25메인호텔'!#REF! -> #REF!
C21: 플라이어 | G21: 40 | H21: =$C$4+$E$4 -> 126 | O21: =(G21*H21)+(I21*J21)+(K21*L21)+(M21*N21) -> 5040 | V21: =서차지!B15 -> National Day | W21: =서차지!C15 -> 0 | X21: =서차지!D15 -> 0 | Y21: =서차지!E15 -> 0
C22: 리버원더스 (아마존 리퀘스트 포함) | G22: =일정!E39 -> 28.5 | H22: =$C$4+$E$4 -> 126 | O22: =(G22*H22)+(I22*J22)+(K22*L22)+(M22*N22) -> 3591 | V22: =서차지!B22 -> 0 | W22: =서차지!C22 -> 0 | X22: =서차지!D22 -> 0 | Y22: =서차지!E22 -> 0
C23: (중식) 딤섬 세트 - 얌차 [특식] | I23: =식사!E23 -> 28 | J23: =$C$4+$E$4 -> 126 | O23: =(G23*H23)+(I23*J23)+(K23*L23)+(M23*N23) -> 3528
C24: =일정!C27 -> 가든스바이더베이 2돔 ( 쥬랴기 ) | G24: =일정!E27 -> 28.3 | H24: =$C$4+$E$4 -> 126 | O24: =(G24*H24)+(I24*J24)+(K24*L24)+(M24*N24) -> 3565.8
C25: (석식) 칠리크랩 - 지엔 | I25: 35 | J25: =$C$4+$E$4 -> 126 | O25: =(G25*H25)+(I25*J25)+(K25*L25)+(M25*N25) -> 4410
C26: 슈퍼트리 쇼 | O26: =(G26*H26)+(I26*J26)+(K26*L26)+(M26*N26) -> 0
C27: 호텔 복귀 휴식 및 취침 | O27: =(G27*H27)+(I27*J27)+(K27*L27)+(M27*N27) -> 0
B28: =TEXT(C5+3,"m월 d일 aaaa") -> 4월 17일 목요일 | C28: 호텔 조식 후 가이드 미팅 | K28: =IF(C4+E4<8,'가이드&차량'!C47, IF(C4+E4<=14,'가이드&차량'!C39,'가이드&차량'!C23)) -> 630 | L28: =L10 -> 3 | M28: ='가이드&차량'!C6 -> 375 | N28: =N10 -> 3 | O28: =(G28*H28)+(I28*J28)+(K28*L28)+(M28*N28) -> 3015 | Q28: 차량/가이드 10시간 기준
C29: 아트 사이언스 뮤지엄 (퓨터월드) | G29: 23 | H29: =$C$4+$E$4 -> 126 | O29: =(G29*H29)+(I29*J29)+(K29*L29)+(M29*N29) -> 2898
C30: 센토사 섬 ( 케이블카 + 루지2회 ) + 실로소 | G30: =일정!E10+일정!E20 -> 53.5 | H30: =$C$4+$E$4 -> 126 | O30: =(G30*H30)+(I30*J30)+(K30*L30)+(M30*N30) -> 6741
C31: (중식) 올드 굿데이즈 ( 현지식 뷔페 ) | I31: 25 | J31: =$C$4+$E$4 -> 126 | O31: =(G31*H31)+(I31*J31)+(K31*L31)+(M31*N31) -> 3150
C32: 사이언스 센터 | G32: =일정!E34 -> 8.3 | H32: =$C$4+$E$4 -> 126 | O32: =(G32*H32)+(I32*J32)+(K32*L32)+(M32*N32) -> 1045.8
C33: 멀라이언 공원 + 에스 프러네이드 | O33: =(G33*H33)+(I33*J33)+(K33*L33)+(M33*N33) -> 0
C34: (석식) 아마라 호텔 뷔페 | I34: 38 | J34: =$C$4+$E$4 -> 126 | O34: =(G34*H34)+(I34*J34)+(K34*L34)+(M34*N34) -> 4788
C35: 호텔 복귀 휴식 및 취침 | O35: =(G35*H35)+(I35*J35)+(K35*L35)+(M35*N35) -> 0
B36: =TEXT(C5+4,"m월 d일 aaaa") -> 4월 18일 금요일 | C36: 호텔 조식 후 가이드 미팅 | K36: =IF(C4+E4<8,'가이드&차량'!C47, IF(C4+E4<=14,'가이드&차량'!C39,'가이드&차량'!C23)) -> 630 | L36: =L10 -> 3 | M36: 525 | N36: =N10 -> 3 | O36: =(G36*H36)+(I36*J36)+(K36*L36)+(M36*N36) -> 3465 | Q36: 차량/가이드 12시간 기준
C37: NUS 캠퍼스 투어 + 재학생 미팅 ( 20명 1조 ) | M37: 150 | N37: 6 | O37: =(G37*H37)+(I37*J37)+(K37*L37)+(M37*N37) -> 900
C38: (중식) 자유식 25 SGD 비보시티 푸크코트 | I38: 25 | J38: =$C$4+$E$4 -> 126 | O38: =(G38*H38)+(I38*J38)+(K38*L38)+(M38*N38) -> 3150
C39: URA (도시개발청) | O39: =(G39*H39)+(I39*J39)+(K39*L39)+(M39*N39) -> 0
C40: 내셔널 겔럴리 | G40: 16.3 | H40: =$C$4+$E$4 -> 126 | O40: =(G40*H40)+(I40*J40)+(K40*L40)+(M40*N40) -> 2053.8
C41: 마리나베이샌즈 전망대 | G41: =일정!E36 -> 30.3 | H41: =$C$4+$E$4 -> 126 | O41: =(G41*H41)+(I41*J41)+(K41*L41)+(M41*N41) -> 3817.8
C42: (석식) 한식 - SBCD 북창동 순두부 | I42: =식사!E3 -> 25 | J42: =$C$4+$E$4 -> 126 | O42: =(G42*H42)+(I42*J42)+(K42*L42)+(M42*N42) -> 3150
C43: 리버보트 + 스팩트라 쇼 | G43: 28 | H43: =$C$4+$E$4 -> 126 | O43: =(G43*H43)+(I43*J43)+(K43*L43)+(M43*N43) -> 3528
C44: 공항이동 | E44: 0.048611111 | O44: =(G44*H44)+(I44*J44)+(K44*L44)+(M44*N44) -> 0
K45: =SUM(K10:K44) -> 2800 | M45: =SUM(M10:M44) -> 1950
B46: 기타비용 | C46: 기타 예비 비용 ( 1일 1인 2생수 등) | G46: =$C$4+$E$4 -> 126 | I46: 20 | K46: 1 | O46: =G46*I46*K46 -> 2520
C47: 핸들링차지 | G47: 50 | K47: =C4 -> 126 | O47: =G47*K47 -> 6300

Sheet 중1
A1: home | E1: ='가이드&차량'!B1 -> 1100 | G1: 호텔 | H1: 트윈/더블 | I1: =C4/2 -> 39 | J1: 싱글 | K1: 0 | L1: 금액 | M1: 룸넘버 | N1: 소계 | O1: 합계 | V1: * 서차지기간 확인필수 | AC1: 주중 | AD1: 주말
B2: 마스터코드 | C2: 중학교 글로벌 문화체험 | H2: =C5 -> 45796 | J2: =AB2 -> Aloft Novena | L2: 200 | M2: =$I$1+$K$1 -> 39 | N2: =L2*M2 -> 7800 | O2: =SUM(N2:N6) -> 23400 | Q2: 옵션 - 5개 | R2: -40 | S2: 쇼핑 - 4회 | T2: -30 | V2: EVENT | W2: 시작일 | X2: 마감일 | Y2: 실제 행사일 | AB2: Aloft Novena | AC2: 180 | AD2: 180
B3: 구분[여정] | H3: =H2+1 -> 45797 | J3: =J2 -> Aloft Novena | L3: 200 | M3: =$I$1+$K$1 -> 39 | N3: =L3*M3 -> 7800 | Q3: 옵션 - 4개 | R3: -30 | S3: 쇼핑 - 3회 | T3: -20 | V3: =서차지!B3 -> World Paralympic Swimming | W3: =서차지!C3 -> 45921 | X3: =서차지!D3 -> 45562 | Y3: =서차지!E3 -> 21 – 27 September 2025 | Z3: -2000
B4: 인원(손님) | C4: 78 | D4: 인원(FOC) | E4: 1 | H4: =H3+1 -> 45798 | J4: =J2 -> Aloft Novena | L4: 200 | M4: =$I$1+$K$1 -> 39 | N4: =L4*M4 -> 7800 | Q4: 옵션 - 3개 | R4: -20 | S4: 쇼핑 - 2회 | T4: -10 | V4: =서차지!B4 -> Singapore Formula One (F1) | W4: =서차지!C4 -> 45932 | X4: =서차지!D4 -> 45935 | Y4: =서차지!E4 -> 02 Oct - 05 Oct, 2025 | Z4: -2000 | AB4: Momentus | AC4: 190 | AD4: 180
B5: 도착날짜 | C5: 45796 | D5: 3 | E5: =C5+D5 -> 45799 | Q5: 옵션 - 2개 | R5: 0 | S5: 쇼핑 - 1회 | T5: 0 | V5: =서차지!B5 -> ITB Asia | W5: =서차지!C5 -> 45944 | X5: =서차지!D5 -> 45947 | Y5: =서차지!E5 -> 23 - 25 October 2025 | Z5: -2000 | AB5: Aloft Novena | AC5: 180 | AD5: 180
B6: 인당 지상비 (SGD) | C6: =(SUM(O10:O39)+O2)/C4+R6+T6 -> 801.46026 | D6: 인당 지상비 (원화) | E6: =C6*$E$1 -> 881606.28 | Q6: 옵션 - 0개 | R6: 5 | S6: 쇼핑 - 0회 | T6: 5 | V6: =서차지!B6 -> FHA-HoReCa | W6: =서차지!C6 -> 45950 | X6: =서차지!D6 -> 45953 | Y6: =서차지!E6 -> 0 | Z6: -2000 | AB6: Mercure Stevens | AC6: 195 | AD6: 195
B7: 옵션 | C7: 0 | D7: 쇼핑 | E7: 0 | V7: =서차지!B7 -> FinTech 2025 | W7: =서차지!C7 -> 45972 | X7: =서차지!D7 -> 45974 | Y7: =서차지!E7 -> 0 | Z7: -2000 | AB7: M Hotel City Centre | AC7: 210 | AD7: 210
G8: 입장료(항공) | I8: 식사비 | K8: 차량 | M8: 가이드 | O8: 총합계 | V8: =서차지!B8 -> Christmas Day | W8: =서차지!C8 -> 46015 | X8: =서차지!D8 -> 46016 | Y8: =서차지!E8 -> 0 | Z8: -2000 | AB8: Concorde Hotel | AC8: 230 | AD8: 230
B9: SGD/WON | C9: =E1 -> 1100 | D9: SGD/MYR | E9: 3.5 | G9: 금액 | H9: 인원 | I9: 금액 | J9: 인원 | K9: 금액 | L9: 인원 | M9: 금액 | N9: 인원 | V9: =서차지!B9 -> Year End | W9: =서차지!C9 -> 46021 | X9: =서차지!D9 -> 46023 | Y9: =서차지!E9 -> 0 | Z9: -2000 | AB9: Oasia Novena | AC9: 225 | AD9: 225
B10: =TEXT(C5,"m월 d일 aaaa") -> 5월 19일 월요일 | C10: 한국출발 - 싱가포르 도착 | E10: =상품리스트!F5 -> 0 | K10: =IF(C4+E4<8,'가이드&차량'!C43, IF(C4+E4<=14,'가이드&차량'!C35,'가이드&차량'!C19)) -> 280 | L10: 2 | M10: ='가이드&차량'!C3 -> 150 | N10: 2 | O10: =(G10*H10)+(I10*J10)+(K10*L10)+(M10*N10) -> 860 | V10: =서차지!B10 -> Year End | W10: =서차지!C10 -> 46022 | X10: =서차지!D10 -> 46022 | Y10: =서차지!E10 -> 0 | Z10: -2000 | AB10: Orchid Hotel | AC10: 220 | AD10: 220
C11: 가이드 미팅 후 싱가포르 호텔 이동 | O11: =(G11*H11)+(I11*J11)+(K11*L11)+(M11*N11) -> 0 | V11: =서차지!B11 -> Singapore Airshow 2026 | W11: =서차지!C11 -> 46056 | X11: =서차지!D11 -> 46059 | Y11: =서차지!E11 -> 3 - 6 Feb 2026 | AB11: Amara Singapore | AC11: 230 | AD11: 230
C12: 싱가포르 호텔 투숙 | O12: =(G12*H12)+(I12*J12)+(K12*L12)+(M12*N12) -> 0 | V12: =서차지!B12 -> Chinese New Year | W12: =서차지!C12 -> 46069 | X12: =서차지!D12 -> 46077 | Y12: =서차지!E12 -> 16 - 24 Feb 2026 | AB12: Orchard Hotel | AC12: 240 | AD12: 240
B13: =TEXT(C5+1,"m월 d일 aaaa") -> 5월 20일 화요일 | C13: 호텔 조식 후 가이드 미팅 | K13: =IF(C4+E4<8,'가이드&차량'!C47, IF(C4+E4<=14,'가이드&차량'!C39,'가이드&차량'!C23)) -> 630 | L13: =L10 -> 2 | M13: ='가이드&차량'!C6 -> 375 | N13: =N10 -> 2 | O13: =(G13*H13)+(I13*J13)+(K13*L13)+(M13*N13) -> 2010 | Q13: 차량/가이드 10시간 기준 | V13: =서차지!B13 -> Food & Hotel Beverage | W13: =서차지!C13 -> 0 | X13: =서차지!D13 -> 0 | Y13: =서차지!E13 -> 0 | AB13: Grand Copthorne | AC13: 240 | AD13: 240
C14: NUS 캠퍼스 투어 + 재학생 미팅 ( 15명 1조 ) | M14: 170 | N14: 5 | O14: =(G14*H14)+(I14*J14)+(K14*L14)+(M14*N14) -> 850 | V14: =서차지!B14 -> CommunicAsia | W14: =서차지!C14 -> 0 | X14: =서차지!D14 -> 0 | Y14: =서차지!E14 -> 0 | AB14: Mercure Tyrwhitt | AC14: 170 | AD14: 170
C15: (중식) 자유식 20 SGD | I15: 20 | J15: =$C$4+$E$4 -> 79 | O15: =(G15*H15)+(I15*J15)+(K15*L15)+(M15*N15) -> 1580 | V15: =서차지!B15 -> National Day | W15: =서차지!C15 -> 0 | X15: =서차지!D15 -> 0 | Y15: =서차지!E15 -> 0 | AB15: Hotel Boss | AC15: 185 | AD15: 185
C16: 머라이언 공원 리틀인디아 + 아랍스트리트 | O16: =(G16*H16)+(I16*J16)+(K16*L16)+(M16*N16) -> 0 | AB16: V Hotel Lavender | AC16: 185 | AD16: 185
C17: =일정!C27 -> 가든스바이더베이 2돔 ( 쥬랴기 ) | G17: =일정!E27 -> 28.3 | H17: =$C$4+$E$4 -> 79 | O17: =(G17*H17)+(I17*J17)+(K17*L17)+(M17*N17) -> 2235.7 | AB17: IbIs Novena | AC17: 155 | AD17: 155
C18: (석식) 고로고로- 스팀보트 +한식 뷔페 | I18: =식사!E7 -> 18 | J18: =$C$4+$E$4 -> 79 | O18: =(G18*H18)+(I18*J18)+(K18*L18)+(M18*N18) -> 1422 | AB18: IbIs bencoolen | AC18: 185 | AD18: 185
C19: 슈퍼트리 감상 | AB19: Oasia Sentosa | AC19: 280 | AD19: 280
C20: 호텔 복귀 휴식 및 취침 | O20: =(G20*H20)+(I20*J20)+(K20*L20)+(M20*N20) -> 0 | AB20: Swissotel The stamford | AC20: 366 | AD20: 366
B21: =TEXT(C5+2,"m월 d일 aaaa") -> 5월 21일 수요일 | C21: 호텔 조식 후 가이드 미팅 | K21: =IF(C4+E4<8,'가이드&차량'!C47, IF(C4+E4<=14,'가이드&차량'!C39,'가이드&차량'!C23)) -> 630 | L21: =L10 -> 2 | M21: ='가이드&차량'!C6 -> 375 | N21: =N10 -> 2 | O21: =(G21*H21)+(I21*J21)+(K21*L21)+(M21*N21) -> 2010 | Q21: 차량/가이드 10시간 기준
C22: 센토사 섬 ( 케이블카 ) | G22: =일정!E11 -> 20 | H22: =$C$4+$E$4 -> 79 | O22: =(G22*H22)+(I22*J22)+(K22*L22)+(M22*N22) -> 1580
C23: USS 자유 관람 | G23: =일정!E3 -> 75.3 | H23: =$C$4+$E$4 -> 79 | O23: =(G23*H23)+(I23*J23)+(K23*L23)+(M23*N23) -> 5948.7
C24: (중식) 자유식 20 SGD | I24: 20 | J24: =$C$4+$E$4 -> 79 | O24: =(G24*H24)+(I24*J24)+(K24*L24)+(M24*N24) -> 1580
C25: (석식) 로컬 뷔페 - 올드굿데이즈 | I25: =식사!E38 -> 20 | J25: =$C$4+$E$4 -> 79 | O25: =(G25*H25)+(I25*J25)+(K25*L25)+(M25*N25) -> 1580
C26: 윙스오브타임 (19:30) + 센셔리 스케이프 | G26: =일정!E13 -> 11 | H26: =$C$4+$E$4 -> 79
C27: 호텔 복귀 휴식 및 취침 | O27: =(G27*H27)+(I27*J27)+(K27*L27)+(M27*N27) -> 0
B28: =TEXT(C5+3,"m월 d일 aaaa") -> 5월 22일 목요일 | C28: 호텔 조식 후 가이드 미팅 | K28: =IF(C4+E4<8,'가이드&차량'!C47, IF(C4+E4<=14,'가이드&차량'!C39,'가이드&차량'!C23)) -> 630 | L28: =L10 -> 2 | M28: ='가이드&차량'!C6+'가이드&차량'!C3 -> 525 | N28: =N10 -> 2 | O28: =(G28*H28)+(I28*J28)+(K28*L28)+(M28*N28) -> 2310 | Q28: 차량/가이드 12시간 기준
C29: 버드 파라다이스 | G29: =일정!E40 -> 24.5 | H29: =$C$4+$E$4 -> 79 | O29: =(G29*H29)+(I29*J29)+(K29*L29)+(M29*N29) -> 1935.5
C30: (중식) 팽퀸 코브 뷔페 | I30: =식사!E36 -> 20 | J30: =$C$4+$E$4 -> 79 | O30: =(G30*H30)+(I30*J30)+(K30*L30)+(M30*N30) -> 1580
C31: URA 시티겔러리 + 오차드 로드 | O31: =(G31*H31)+(I31*J31)+(K31*L31)+(M31*N31) -> 0
C32: (석식) 고기집 - 삼겹살 무제한 | I32: 30 | J32: =$C$4+$E$4 -> 79 | O32: =(G32*H32)+(I32*J32)+(K32*L32)+(M32*N32) -> 2370
C33: 마리나베이 센즈 쇼핑몰 | O33: =(G33*H33)+(I33*J33)+(K33*L33)+(M33*N33) -> 0
C34: 리버보트 탑승 + 스펙트 라쇼 감상 | G34: 28 | H34: =$C$4+$E$4 -> 79 | O34: =(G34*H34)+(I34*J34)+(K34*L34)+(M34*N34) -> 2212
C35: 공항 이동 후 출국 | E35: =상품리스트!I5 -> 0 | O35: =(G35*H35)+(I35*J35)+(K35*L35)+(M35*N35) -> 0
K36: =SUM(K10:K35) -> 2170 | M36: =SUM(M10:M35) -> 1595
B37: 기타비용 | C37: 기타 예비 비용 ( 1일 1인 1생수 + 1일1회 간식 등) | G37: =$C$4+$E$4 -> 79 | I37: 30 | K37: 1 | O37: =G37*I37*K37 -> 2370
C38: 핸들링차지 | G38: 50 | K38: =C4 -> 78 | O38: =G38*K38 -> 3900

Sheet 고1
A1: home | E1: ='가이드&차량'!B1 -> 1100 | G1: 호텔 | H1: 트윈/더블 | I1: =C4/2 -> 15 | J1: 싱글 | K1: 0 | L1: 금액 | M1: 룸넘버 | N1: 소계 | O1: 합계 | V1: * 서차지기간 확인필수 | AC1: 주중 | AD1: 주말
B2: 마스터코드 | C2: 고등학교 글로벌 문화체험 1 | H2: =C5 -> 45732 | J2: =AB2 -> Aloft Novena | L2: =IF( (IF(WEEKDAY(H2, 2) <= 5, AC2, AD2) + IF(AND(H2 >= W3, H2 <= X3), Z3, 0) + IF(AND(H2 >= W4, H2 <= X4), Z4, 0) + IF(AND(H2 >= W5, H2 <= X5), Z5, 0) + IF(AND(H2 >= W6, H2 <= X6), Z6, 0) + IF(AND(H2 >= W7, H2 <= X7), Z7, 0) + IF(AND(H2 >= W8, H2 <= X8), Z8, 0) + IF(AND(H2 >= W9, H2 <= X9), Z9, 0) + IF(AND(H2 >= W10, H2 <= X10), Z10, 0)) < 1, "Surcharge Check", (IF(WEEKDAY(H2, 2) <= 5, AC2, AD2) + IF(AND(H2 >= W3, H2 <= X3), Z3, 0) + IF(AND(H2 >= W4, H2 <= X4), Z4, 0) + IF(AND(H2 >= W5, H2 <= X5), Z5, 0) + IF(AND(H2 >= W6, H2 <= X6), Z6, 0) + IF(AND(H2 >= W7, H2 <= X7), Z7, 0) + IF(AND(H2 >= W8, H2 <= X8), Z8, 0) + IF(AND(H2 >= W9, H2 <= X9), Z9, 0) + IF(AND(H2 >= W10, H2 <= X10), Z10, 0)) ) -> 180 | M2: =$I$1+$K$1 -> 15 | N2: =L2*M2 -> 2700 | O2: =SUM(N2:N6) -> 8100 | Q2: 옵션 - 5개 | R2: -40 | S2: 쇼핑 - 4회 | T2: -30 | V2: EVENT | W2: 시작일 | X2: 마감일 | Y2: 실제 행사일 | AB2: Aloft Novena | AC2: 180 | AD2: 180
B3: 구분[여정] | C3: #NUS #USS #윙스오브타임 #리버원더스 #리버보트 | H3: =H2+1 -> 45733 | J3: =J2 -> Aloft Novena | L3: =IF( (IF(WEEKDAY(H3, 2) <= 5, AC2, AD2) + IF(AND(H3 >= W3, H3 <= X3), Z3, 0) + IF(AND(H3 >= W4, H3 <= X4), Z4, 0) + IF(AND(H3 >= W5, H3 <= X5), Z5, 0) + IF(AND(H3 >= W6, H3 <= X6), Z6, 0) + IF(AND(H3 >= W7, H3 <= X7), Z7, 0) + IF(AND(H3 >= W8, H3 <= X8), Z8, 0) + IF(AND(H3 >= W9, H3 <= X9), Z9, 0) + IF(AND(H3 >= W10, H3 <= X10), Z10, 0)) < 1, "Surcharge Check", (IF(WEEKDAY(H3, 2) <= 5, AC2, AD2) + IF(AND(H3 >= W3, H3 <= X3), Z3, 0) + IF(AND(H3 >= W4, H3 <= X4), Z4, 0) + IF(AND(H3 >= W5, H3 <= X5), Z5, 0) + IF(AND(H3 >= W6, H3 <= X6), Z6, 0) + IF(AND(H3 >= W7, H3 <= X7), Z7, 0) + IF(AND(H3 >= W8, H3 <= X8), Z8, 0) + IF(AND(H3 >= W9, H3 <= X9), Z9, 0) + IF(AND(H3 >= W10, H3 <= X10), Z10, 0)) ) -> 180 | M3: =$I$1+$K$1 -> 15 | N3: =L3*M3 -> 2700 | Q3: 옵션 - 4개 | R3: -30 | S3: 쇼핑 - 3회 | T3: -20 | V3: =서차지!B3 -> World Paralympic Swimming | W3: =서차지!C3 -> 45921 | X3: =서차지!D3 -> 45562 | Y3: =서차지!E3 -> 21 – 27 September 2025 | Z3: -2000
B4: 인원(손님) | C4: 30 | D4: 인원(FOC) | E4: 0 | H4: =H3+1 -> 45734 | J4: =J2 -> Aloft Novena | L4: =IF( (IF(WEEKDAY(H4, 2) <= 5, AC2, AD2) + IF(AND(H4 >= W3, H4 <= X3), Z3, 0) + IF(AND(H4 >= W4, H4 <= X4), Z4, 0) + IF(AND(H4 >= W5, H4 <= X5), Z5, 0) + IF(AND(H4 >= W6, H4 <= X6), Z6, 0) + IF(AND(H4 >= W7, H4 <= X7), Z7, 0) + IF(AND(H4 >= W8, H4 <= X8), Z8, 0) + IF(AND(H4 >= W9, H4 <= X9), Z9, 0) + IF(AND(H4 >= W10, H4 <= X10), Z10, 0)) < 1, "Surcharge Check", (IF(WEEKDAY(H4, 2) <= 5, AC2, AD2) + IF(AND(H4 >= W3, H4 <= X3), Z3, 0) + IF(AND(H4 >= W4, H4 <= X4), Z4, 0) + IF(AND(H4 >= W5, H4 <= X5), Z5, 0) + IF(AND(H4 >= W6, H4 <= X6), Z6, 0) + IF(AND(H4 >= W7, H4 <= X7), Z7, 0) + IF(AND(H4 >= W8, H4 <= X8), Z8, 0) + IF(AND(H4 >= W9, H4 <= X9), Z9, 0) + IF(AND(H4 >= W10, H4 <= X10), Z10, 0)) ) -> 180 | M4: =$I$1+$K$1 -> 15 | N4: =L4*M4 -> 2700 | Q4: 옵션 - 3개 | R4: -20 | S4: 쇼핑 - 2회 | T4: -10 | V4: =서차지!B4 -> Singapore Formula One (F1) | W4: =서차지!C4 -> 45932 | X4: =서차지!D4 -> 45935 | Y4: =서차지!E4 -> 02 Oct - 05 Oct, 2025 | Z4: -2000 | AB4: Momentus | AC4: 190 | AD4: 180
B5: 도착날짜 | C5: 45732 | D5: 3 | E5: =C5+D5 -> 45735 | Q5: 옵션 - 2개 | R5: 0 | S5: 쇼핑 - 1회 | T5: 0 | V5: =서차지!B5 -> ITB Asia | W5: =서차지!C5 -> 45944 | X5: =서차지!D5 -> 45947 | Y5: =서차지!E5 -> 23 - 25 October 2025 | Z5: -2000 | AB5: Aloft Novena | AC5: 180 | AD5: 180
B6: 인당 지상비 (SGD) | C6: =(SUM(O10:O41)+O2)/C4+R6+T6 -> 782.26667 | D6: 인당 지상비 (원화) | E6: =C6*$E$1 -> 860493.33 | Q6: 옵션 - 0개 | R6: 5 | S6: 쇼핑 - 0회 | T6: 5 | V6: =서차지!B6 -> FHA-HoReCa | W6: =서차지!C6 -> 45950 | X6: =서차지!D6 -> 45953 | Y6: =서차지!E6 -> 0 | Z6: -2000 | AB6: Mercure Stevens | AC6: 195 | AD6: 195
B7: 옵션 | C7: 0 | D7: 쇼핑 | E7: 0 | V7: =서차지!B7 -> FinTech 2025 | W7: =서차지!C7 -> 45972 | X7: =서차지!D7 -> 45974 | Y7: =서차지!E7 -> 0 | Z7: -2000 | AB7: M Hotel City Centre | AC7: 210 | AD7: 210
G8: 입장료(항공) | I8: 식사비 | K8: 차량 | M8: 가이드 | O8: 총합계 | V8: =서차지!B8 -> Christmas Day | W8: =서차지!C8 -> 46015 | X8: =서차지!D8 -> 46016 | Y8: =서차지!E8 -> 0 | Z8: -2000 | AB8: Concorde Hotel | AC8: 230 | AD8: 230
B9: SGD/WON | C9: =E1 -> 1100 | D9: SGD/MYR | E9: 3.5 | G9: 금액 | H9: 인원 | I9: 금액 | J9: 인원 | K9: 금액 | L9: 인원 | M9: 금액 | N9: 인원 | V9: =서차지!B9 -> Year End | W9: =서차지!C9 -> 46021 | X9: =서차지!D9 -> 46023 | Y9: =서차지!E9 -> 0 | Z9: -2000 | AB9: Oasia Novena | AC9: 225 | AD9: 225
B10: =TEXT(C5,"m월 d일 aaaa") -> 3월 16일 일요일 | C10: 인천출발 - 싱가포르 도착 | E10: =상품리스트!F6 -> 0 | K10: =IF(C4+E4<8,'가이드&차량'!C43, IF(C4+E4<=14,'가이드&차량'!C35,'가이드&차량'!C19)) -> 280 | L10: 1 | M10: ='가이드&차량'!C3 -> 150 | N10: 1 | O10: =(G10*H10)+(I10*J10)+(K10*L10)+(M10*N10) -> 430 | V10: =서차지!B10 -> Year End | W10: =서차지!C10 -> 46022 | X10: =서차지!D10 -> 46022 | Y10: =서차지!E10 -> 0 | Z10: -2000 | AB10: Orchid Hotel | AC10: 220 | AD10: 220
C11: 가이드 미팅 후 싱가포르 호텔 이동 | O11: =(G11*H11)+(I11*J11)+(K11*L11)+(M11*N11) -> 0 | V11: =서차지!B11 -> Singapore Airshow 2026 | W11: =서차지!C11 -> 46056 | X11: =서차지!D11 -> 46059 | Y11: =서차지!E11 -> 3 - 6 Feb 2026 | AB11: Amara Singapore | AC11: 230 | AD11: 230
C12: 싱가포르 호텔 투숙 | O12: =(G12*H12)+(I12*J12)+(K12*L12)+(M12*N12) -> 0 | V12: =서차지!B12 -> Chinese New Year | W12: =서차지!C12 -> 46069 | X12: =서차지!D12 -> 46077 | Y12: =서차지!E12 -> 16 - 24 Feb 2026 | AB12: Orchard Hotel | AC12: 240 | AD12: 240
B13: =TEXT(C5+1,"m월 d일 aaaa") -> 3월 17일 월요일 | C13: 호텔 조식 후 가이드 미팅 | K13: =IF(C4+E4<8,'가이드&차량'!C47, IF(C4+E4<=14,'가이드&차량'!C39,'가이드&차량'!C23)) -> 630 | L13: =L10 -> 1 | M13: ='가이드&차량'!C6 -> 375 | N13: =N10 -> 1 | O13: =(G13*H13)+(I13*J13)+(K13*L13)+(M13*N13) -> 1005 | Q13: 차량/가이드 10시간 기준 | V13: =서차지!B13 -> Food & Hotel Beverage | W13: =서차지!C13 -> 0 | X13: =서차지!D13 -> 0 | Y13: =서차지!E13 -> 0 | AB13: Grand Copthorne | AC13: 240 | AD13: 240
C14: NUS 캠퍼스 투어 + 재학생 미팅 ( 20명 1조 ) | M14: 170 | N14: 2 | O14: =(G14*H14)+(I14*J14)+(K14*L14)+(M14*N14) -> 340 | V14: =서차지!B14 -> CommunicAsia | W14: =서차지!C14 -> 0 | X14: =서차지!D14 -> 0 | Y14: =서차지!E14 -> 0 | AB14: Mercure Tyrwhitt | AC14: 170 | AD14: 170
C15: (중식) 자유식 20 SGD | I15: 20 | J15: =$C$4+$E$4 -> 30 | O15: =(G15*H15)+(I15*J15)+(K15*L15)+(M15*N15) -> 600 | V15: =서차지!B15 -> National Day | W15: =서차지!C15 -> 0 | X15: =서차지!D15 -> 0 | Y15: =서차지!E15 -> 0 | AB15: Hotel Boss | AC15: 185 | AD15: 185
C16: 오차드 로드 자유시간 | O16: =(G16*H16)+(I16*J16)+(K16*L16)+(M16*N16) -> 0 | AB16: V Hotel Lavender | AC16: 185 | AD16: 185
C17: 보타닉 가든 + 차이나 타운 불아사 | O17: =(G17*H17)+(I17*J17)+(K17*L17)+(M17*N17) -> 0 | AB17: IbIs Novena | AC17: 155 | AD17: 155
C18: =일정!C27 -> 가든스바이더베이 2돔 ( 쥬랴기 ) | G18: =일정!E27 -> 28.3 | H18: =$C$4+$E$4 -> 30 | O18: =(G18*H18)+(I18*J18)+(K18*L18)+(M18*N18) -> 849 | AB18: IbIs bencoolen | AC18: 185 | AD18: 185
C19: (석식) 칠리크렙- 로컷 중식 맛집(지옌) | I19: =식사!E28 -> 35 | J19: =$C$4+$E$4 -> 30 | O19: =(G19*H19)+(I19*J19)+(K19*L19)+(M19*N19) -> 1050 | AB19: Oasia Sentosa | AC19: 280 | AD19: 280
C20: 슈퍼트리 감상 | O20: =(G20*H20)+(I20*J20)+(K20*L20)+(M20*N20) -> 0 | AB20: Swissotel The stamford | AC20: 366 | AD20: 366
C21: 호텔 복귀 휴식 및 취침 | O21: =(G21*H21)+(I21*J21)+(K21*L21)+(M21*N21) -> 0
B22: =TEXT(C5+2,"m월 d일 aaaa") -> 3월 18일 화요일 | C22: 호텔 조식 후 가이드 미팅 | K22: =IF(C4+E4<8,'가이드&차량'!C47, IF(C4+E4<=14,'가이드&차량'!C39,'가이드&차량'!C23)) -> 630 | L22: =L10 -> 1 | M22: ='가이드&차량'!C6 -> 375 | N22: =N10 -> 1 | O22: =(G22*H22)+(I22*J22)+(K22*L22)+(M22*N22) -> 1005 | Q22: 차량/가이드 10시간 기준
C23: 머라이언 파크 + 에스플레네이드 감상 | O23: =(G23*H23)+(I23*J23)+(K23*L23)+(M23*N23) -> 0
C24: USS 자유 관람 | G24: =일정!E3 -> 75.3 | H24: =$C$4+$E$4 -> 30 | O24: =(G24*H24)+(I24*J24)+(K24*L24)+(M24*N24) -> 2259
C25: (중식) 자유식 20 SGD | I25: 20 | J25: =$C$4+$E$4 -> 30 | O25: =(G25*H25)+(I25*J25)+(K25*L25)+(M25*N25) -> 600
C26: 실로소 비치 자유시간 | O26: =(G26*H26)+(I26*J26)+(K26*L26)+(M26*N26) -> 0
C27: (석식) 로컬 뷔페 - 올드굿데이즈 | I27: =식사!E38 -> 20 | J27: =$C$4+$E$4 -> 30 | O27: =(G27*H27)+(I27*J27)+(K27*L27)+(M27*N27) -> 600
C28: 윙스오브타임 (19:30) + 센셔리 스케이프 | G28: =일정!E13 -> 11 | H28: =$C$4+$E$4 -> 30 | O28: =(G28*H28)+(I28*J28)+(K28*L28)+(M28*N28) -> 330
C29: 호텔 복귀및 휴식 | O29: =(G29*H29)+(I29*J29)+(K29*L29)+(M29*N29) -> 0
B30: =TEXT(C5+3,"m월 d일 aaaa") -> 3월 19일 수요일 | C30: 호텔 조식 후 가이드 미팅 | K30: =IF(C4+E4<8,'가이드&차량'!C47, IF(C4+E4<=14,'가이드&차량'!C39,'가이드&차량'!C23)) -> 630 | L30: =L10 -> 1 | M30: ='가이드&차량'!C6+'가이드&차량'!C3 -> 525 | N30: =N10 -> 1 | O30: =(G30*H30)+(I30*J30)+(K30*L30)+(M30*N30) -> 1155 | Q30: 차량/가이드 12시간 기준
C31: 리버원더스+리버퀘스트 | G31: =일정!E39 -> 28.5 | H31: =$C$4+$E$4 -> 30 | O31: =(G31*H31)+(I31*J31)+(K31*L31)+(M31*N31) -> 855
C32: (중식) 송파 바쿠테 | I32: =식사!E19 -> 17 | J32: =$C$4+$E$4 -> 30 | O32: =(G32*H32)+(I32*J32)+(K32*L32)+(M32*N32) -> 510
C33: 리틀인디아 + 아랍스트리트 | O33: =(G33*H33)+(I33*J33)+(K33*L33)+(M33*N33) -> 0
C34: (간식) 카약토스트 + 음료 | I34: =식사!E33 -> 10 | J34: =$C$4+$E$4 -> 30 | O34: =(G34*H34)+(I34*J34)+(K34*L34)+(M34*N34) -> 300
C35: (석식) 스팀보트_ 고로고로 | I35: =식사!E7 -> 18 | J35: =$C$4+$E$4 -> 30 | O35: =(G35*H35)+(I35*J35)+(K35*L35)+(M35*N35) -> 540
C36: 리버보트 탑승 | G36: 28 | H36: =$C$4+$E$4 -> 30 | O36: =(G36*H36)+(I36*J36)+(K36*L36)+(M36*N36) -> 840
C37: 공항 이동 후 출국 | E37: =상품리스트!I6 -> 0 | O37: =(G37*H37)+(I37*J37)+(K37*L37)+(M37*N37) -> 0
K38: =SUM(K10:K37) -> 2170 | M38: =SUM(M10:M37) -> 1595
B39: 기타비용 | C39: 기타 예비 비용 ( 1인 3회 생수 등) | G39: =$C$4+$E$4 -> 30 | I39: 10 | K39: 1 | O39: =G39*I39*K39 -> 300
C40: 핸들링차지 | G40: 50 | K40: =C4 -> 30 | O40: =G40*K40 -> 1500

Sheet 고2
A1: home | E1: ='가이드&차량'!B1 -> 1100 | G1: 호텔 | H1: 트윈/더블 | I1: =C4/2 -> 36 | J1: 싱글 | K1: 1 | L1: 금액 | M1: 룸넘버 | N1: 소계 | O1: 합계 | V1: * 서차지기간 확인필수 | AC1: 주중 | AD1: 주말
B2: 마스터코드 | C2: 고등학교 글로벌 문화체험 2 | H2: =C5 -> 45732 | J2: =AB2 -> Aloft Novena | L2: =IF( (IF(WEEKDAY(H2, 2) <= 5, AC2, AD2) + IF(AND(H2 >= W3, H2 <= X3), Z3, 0) + IF(AND(H2 >= W4, H2 <= X4), Z4, 0) + IF(AND(H2 >= W5, H2 <= X5), Z5, 0) + IF(AND(H2 >= W6, H2 <= X6), Z6, 0) + IF(AND(H2 >= W7, H2 <= X7), Z7, 0) + IF(AND(H2 >= W8, H2 <= X8), Z8, 0) + IF(AND(H2 >= W9, H2 <= X9), Z9, 0) + IF(AND(H2 >= W10, H2 <= X10), Z10, 0)) < 1, "Surcharge Check", (IF(WEEKDAY(H2, 2) <= 5, AC2, AD2) + IF(AND(H2 >= W3, H2 <= X3), Z3, 0) + IF(AND(H2 >= W4, H2 <= X4), Z4, 0) + IF(AND(H2 >= W5, H2 <= X5), Z5, 0) + IF(AND(H2 >= W6, H2 <= X6), Z6, 0) + IF(AND(H2 >= W7, H2 <= X7), Z7, 0) + IF(AND(H2 >= W8, H2 <= X8), Z8, 0) + IF(AND(H2 >= W9, H2 <= X9), Z9, 0) + IF(AND(H2 >= W10, H2 <= X10), Z10, 0)) ) -> 180 | M2: =$I$1+$K$1 -> 37 | N2: =L2*M2 -> 6660 | O2: =SUM(N2:N6) -> 19980 | Q2: 옵션 - 5개 | R2: -40 | S2: 쇼핑 - 4회 | T2: -30 | V2: EVENT | W2: 시작일 | X2: 마감일 | Y2: 실제 행사일 | AB2: Aloft Novena | AC2: 180 | AD2: 180
B3: 구분[여정] | C3: #NUS #USS #리버원더스 #리버보트 | H3: =H2+1 -> 45733 | J3: =J2 -> Aloft Novena | L3: =IF( (IF(WEEKDAY(H3, 2) <= 5, AC2, AD2) + IF(AND(H3 >= W3, H3 <= X3), Z3, 0) + IF(AND(H3 >= W4, H3 <= X4), Z4, 0) + IF(AND(H3 >= W5, H3 <= X5), Z5, 0) + IF(AND(H3 >= W6, H3 <= X6), Z6, 0) + IF(AND(H3 >= W7, H3 <= X7), Z7, 0) + IF(AND(H3 >= W8, H3 <= X8), Z8, 0) + IF(AND(H3 >= W9, H3 <= X9), Z9, 0) + IF(AND(H3 >= W10, H3 <= X10), Z10, 0)) < 1, "Surcharge Check", (IF(WEEKDAY(H3, 2) <= 5, AC2, AD2) + IF(AND(H3 >= W3, H3 <= X3), Z3, 0) + IF(AND(H3 >= W4, H3 <= X4), Z4, 0) + IF(AND(H3 >= W5, H3 <= X5), Z5, 0) + IF(AND(H3 >= W6, H3 <= X6), Z6, 0) + IF(AND(H3 >= W7, H3 <= X7), Z7, 0) + IF(AND(H3 >= W8, H3 <= X8), Z8, 0) + IF(AND(H3 >= W9, H3 <= X9), Z9, 0) + IF(AND(H3 >= W10, H3 <= X10), Z10, 0)) ) -> 180 | M3: =$I$1+$K$1 -> 37 | N3: =L3*M3 -> 6660 | Q3: 옵션 - 4개 | R3: -30 | S3: 쇼핑 - 3회 | T3: -20 | V3: =서차지!B3 -> World Paralympic Swimming | W3: =서차지!C3 -> 45921 | X3: =서차지!D3 -> 45562 | Y3: =서차지!E3 -> 21 – 27 September 2025 | Z3: -2000
B4: 인원(손님) | C4: 72 | D4: 인원(FOC) | E4: 1 | H4: =H3+1 -> 45734 | J4: =J2 -> Aloft Novena | L4: =IF( (IF(WEEKDAY(H4, 2) <= 5, AC2, AD2) + IF(AND(H4 >= W3, H4 <= X3), Z3, 0) + IF(AND(H4 >= W4, H4 <= X4), Z4, 0) + IF(AND(H4 >= W5, H4 <= X5), Z5, 0) + IF(AND(H4 >= W6, H4 <= X6), Z6, 0) + IF(AND(H4 >= W7, H4 <= X7), Z7, 0) + IF(AND(H4 >= W8, H4 <= X8), Z8, 0) + IF(AND(H4 >= W9, H4 <= X9), Z9, 0) + IF(AND(H4 >= W10, H4 <= X10), Z10, 0)) < 1, "Surcharge Check", (IF(WEEKDAY(H4, 2) <= 5, AC2, AD2) + IF(AND(H4 >= W3, H4 <= X3), Z3, 0) + IF(AND(H4 >= W4, H4 <= X4), Z4, 0) + IF(AND(H4 >= W5, H4 <= X5), Z5, 0) + IF(AND(H4 >= W6, H4 <= X6), Z6, 0) + IF(AND(H4 >= W7, H4 <= X7), Z7, 0) + IF(AND(H4 >= W8, H4 <= X8), Z8, 0) + IF(AND(H4 >= W9, H4 <= X9), Z9, 0) + IF(AND(H4 >= W10, H4 <= X10), Z10, 0)) ) -> 180 | M4: =$I$1+$K$1 -> 37 | N4: =L4*M4 -> 6660 | Q4: 옵션 - 3개 | R4: -20 | S4: 쇼핑 - 2회 | T4: -10 | V4: =서차지!B4 -> Singapore Formula One (F1) | W4: =서차지!C4 -> 45932 | X4: =서차지!D4 -> 45935 | Y4: =서차지!E4 -> 02 Oct - 05 Oct, 2025 | Z4: -2000 | AB4: Momentus | AC4: 190 | AD4: 180
B5: 도착날짜 | C5: 45732 | D5: 3 | E5: =C5+D5 -> 45735 | Q5: 옵션 - 2개 | R5: 0 | S5: 쇼핑 - 1회 | T5: 0 | V5: =서차지!B5 -> ITB Asia | W5: =서차지!C5 -> 45944 | X5: =서차지!D5 -> 45947 | Y5: =서차지!E5 -> 23 - 25 October 2025 | Z5: -2000 | AB5: Aloft Novena | AC5: 180 | AD5: 180
B6: 인당 지상비 (SGD) | C6: =(SUM(O10:O41)+O2)/C4+R6+T6 -> 716.69861 | D6: 인당 지상비 (원화) | E6: =C6*$E$1 -> 788368.47 | Q6: 옵션 - 0개 | R6: 5 | S6: 쇼핑 - 0회 | T6: 5 | V6: =서차지!B6 -> FHA-HoReCa | W6: =서차지!C6 -> 45950 | X6: =서차지!D6 -> 45953 | Y6: =서차지!E6 -> 0 | Z6: -2000 | AB6: Mercure Stevens | AC6: 195 | AD6: 195
B7: 옵션 | C7: 0 | D7: 쇼핑 | E7: 0 | V7: =서차지!B7 -> FinTech 2025 | W7: =서차지!C7 -> 45972 | X7: =서차지!D7 -> 45974 | Y7: =서차지!E7 -> 0 | Z7: -2000 | AB7: M Hotel City Centre | AC7: 210 | AD7: 210
G8: 입장료(항공) | I8: 식사비 | K8: 차량 | M8: 가이드 | O8: 총합계 | V8: =서차지!B8 -> Christmas Day | W8: =서차지!C8 -> 46015 | X8: =서차지!D8 -> 46016 | Y8: =서차지!E8 -> 0 | Z8: -2000 | AB8: Concorde Hotel | AC8: 230 | AD8: 230
B9: SGD/WON | C9: =E1 -> 1100 | D9: SGD/MYR | E9: 3.5 | G9: 금액 | H9: 인원 | I9: 금액 | J9: 인원 | K9: 금액 | L9: 인원 | M9: 금액 | N9: 인원 | V9: =서차지!B9 -> Year End | W9: =서차지!C9 -> 46021 | X9: =서차지!D9 -> 46023 | Y9: =서차지!E9 -> 0 | Z9: -2000 | AB9: Oasia Novena | AC9: 225 | AD9: 225
B10: =TEXT(C5,"m월 d일 aaaa") -> 3월 16일 일요일 | C10: 인천출발 - 싱가포르 도착 | E10: 0.03125 | K10: =IF(C4+E4<8,'가이드&차량'!C43, IF(C4+E4<=14,'가이드&차량'!C35,'가이드&차량'!C19)) -> 280 | L10: 1 | M10: ='가이드&차량'!C3 -> 150 | N10: 1 | O10: =(G10*H10)+(I10*J10)+(K10*L10)+(M10*N10) -> 430 | V10: =서차지!B10 -> Year End | W10: =서차지!C10 -> 46022 | X10: =서차지!D10 -> 46022 | Y10: =서차지!E10 -> 0 | Z10: -2000 | AB10: Orchid Hotel | AC10: 220 | AD10: 220
C11: 가이드 미팅 후 싱가포르 호텔 이동 | O11: =(G11*H11)+(I11*J11)+(K11*L11)+(M11*N11) -> 0 | V11: =서차지!B11 -> Singapore Airshow 2026 | W11: =서차지!C11 -> 46056 | X11: =서차지!D11 -> 46059 | Y11: =서차지!E11 -> 3 - 6 Feb 2026 | AB11: Amara Singapore | AC11: 230 | AD11: 230
C12: 싱가포르 호텔 투숙 | O12: =(G12*H12)+(I12*J12)+(K12*L12)+(M12*N12) -> 0 | V12: =서차지!B12 -> Chinese New Year | W12: =서차지!C12 -> 46069 | X12: =서차지!D12 -> 46077 | Y12: =서차지!E12 -> 16 - 24 Feb 2026 | AB12: Orchard Hotel | AC12: 240 | AD12: 240
B13: =TEXT(C5+1,"m월 d일 aaaa") -> 3월 17일 월요일 | C13: 호텔 조식 후 가이드 미팅 | K13: =IF(C4+E4<8,'가이드&차량'!C47, IF(C4+E4<=14,'가이드&차량'!C39,'가이드&차량'!C23)) -> 630 | L13: =L10 -> 1 | M13: ='가이드&차량'!C6 -> 375 | N13: =N10 -> 1 | O13: =(G13*H13)+(I13*J13)+(K13*L13)+(M13*N13) -> 1005 | Q13: 차량/가이드 10시간 기준 | V13: =서차지!B13 -> Food & Hotel Beverage | W13: =서차지!C13 -> 0 | X13: =서차지!D13 -> 0 | Y13: =서차지!E13 -> 0 | AB13: Grand Copthorne | AC13: 240 | AD13: 240
C14: NUS 캠퍼스 투어 + 재학생 미팅 ( 15명 1조 ) | M14: 170 | N14: 2 | O14: =(G14*H14)+(I14*J14)+(K14*L14)+(M14*N14) -> 340 | V14: =서차지!B14 -> CommunicAsia | W14: =서차지!C14 -> 0 | X14: =서차지!D14 -> 0 | Y14: =서차지!E14 -> 0 | AB14: Mercure Tyrwhitt | AC14: 170 | AD14: 170
C15: (중식) 자유식 20 SGD | I15: 20 | J15: =$C$4+$E$4 -> 73 | O15: =(G15*H15)+(I15*J15)+(K15*L15)+(M15*N15) -> 1460 | V15: =서차지!B15 -> National Day | W15: =서차지!C15 -> 0 | X15: =서차지!D15 -> 0 | Y15: =서차지!E15 -> 0 | AB15: Hotel Boss | AC15: 185 | AD15: 185
C16: 오차드 로드 자유시간 | O16: =(G16*H16)+(I16*J16)+(K16*L16)+(M16*N16) -> 0 | AB16: V Hotel Lavender | AC16: 185 | AD16: 185
C17: 보타닉 가든 + 차이나 타운 불아사 | O17: =(G17*H17)+(I17*J17)+(K17*L17)+(M17*N17) -> 0 | AB17: IbIs Novena | AC17: 155 | AD17: 155
C18: =일정!C27 -> 가든스바이더베이 2돔 ( 쥬랴기 ) | G18: =일정!E27 -> 28.3 | H18: =$C$4+$E$4 -> 73 | O18: =(G18*H18)+(I18*J18)+(K18*L18)+(M18*N18) -> 2065.9 | AB18: IbIs bencoolen | AC18: 185 | AD18: 185
C19: (석식) 칠리크렙- 로컷 중식 맛집(지옌) | I19: =식사!E28 -> 35 | J19: =$C$4+$E$4 -> 73 | O19: =(G19*H19)+(I19*J19)+(K19*L19)+(M19*N19) -> 2555 | AB19: Oasia Sentosa | AC19: 280 | AD19: 280
C20: 슈퍼트리 감상 | O20: =(G20*H20)+(I20*J20)+(K20*L20)+(M20*N20) -> 0 | AB20: Swissotel The stamford | AC20: 366 | AD20: 366
C21: 호텔 복귀 휴식 및 취침 | O21: =(G21*H21)+(I21*J21)+(K21*L21)+(M21*N21) -> 0
B22: =TEXT(C5+2,"m월 d일 aaaa") -> 3월 18일 화요일 | C22: 호텔 조식 후 가이드 미팅 | K22: =IF(C4+E4<8,'가이드&차량'!C47, IF(C4+E4<=14,'가이드&차량'!C39,'가이드&차량'!C23)) -> 630 | L22: =L10 -> 1 | M22: ='가이드&차량'!C6 -> 375 | N22: =N10 -> 1 | O22: =(G22*H22)+(I22*J22)+(K22*L22)+(M22*N22) -> 1005 | Q22: 차량/가이드 10시간 기준
C23: 머라이언 파크 + 에스플레네이드 감상 | O23: =(G23*H23)+(I23*J23)+(K23*L23)+(M23*N23) -> 0
C24: USS 자유 관람 | G24: =일정!E3 -> 75.3 | H24: =$C$4+$E$4 -> 73 | O24: =(G24*H24)+(I24*J24)+(K24*L24)+(M24*N24) -> 5496.9
C25: (중식) 자유식 20 SGD | I25: 20 | J25: =$C$4+$E$4 -> 73 | O25: =(G25*H25)+(I25*J25)+(K25*L25)+(M25*N25) -> 1460
C26: 실로소 비치 자유시간 | O26: =(G26*H26)+(I26*J26)+(K26*L26)+(M26*N26) -> 0
C27: (석식) 삼겹살 무제한 | I27: =식사!E16 -> 30 | J27: =$C$4+$E$4 -> 73 | O27: =(G27*H27)+(I27*J27)+(K27*L27)+(M27*N27) -> 2190
C28: 마리나베이 스펙트라쇼 | O28: =(G28*H28)+(I28*J28)+(K28*L28)+(M28*N28) -> 0
C29: 호텔 복귀및 휴식 | O29: =(G29*H29)+(I29*J29)+(K29*L29)+(M29*N29) -> 0
B30: =TEXT(C5+3,"m월 d일 aaaa") -> 3월 19일 수요일 | C30: 호텔 조식 후 가이드 미팅 | K30: =IF(C4+E4<8,'가이드&차량'!C47, IF(C4+E4<=14,'가이드&차량'!C39,'가이드&차량'!C23)) -> 630 | L30: =L10 -> 1 | M30: ='가이드&차량'!C6+'가이드&차량'!C3 -> 525 | N30: =N10 -> 1 | O30: =(G30*H30)+(I30*J30)+(K30*L30)+(M30*N30) -> 1155 | Q30: 차량/가이드 12시간 기준
C31: 리버원더스+리버퀘스트 | G31: =일정!E39 -> 28.5 | H31: =$C$4+$E$4 -> 73 | O31: =(G31*H31)+(I31*J31)+(K31*L31)+(M31*N31) -> 2080.5
C32: (중식) 송파 바쿠테 | I32: =식사!E19 -> 17 | J32: =$C$4+$E$4 -> 73 | O32: =(G32*H32)+(I32*J32)+(K32*L32)+(M32*N32) -> 1241
C33: 리틀인디아 + 아랍스트리트 | O33: =(G33*H33)+(I33*J33)+(K33*L33)+(M33*N33) -> 0
C34: (간식) 카약토스트 + 음료 | I34: =식사!E33 -> 10 | J34: =$C$4+$E$4 -> 73 | O34: =(G34*H34)+(I34*J34)+(K34*L34)+(M34*N34) -> 730
C35: (석식) 고로고로 스팀보트 +한식 뷔페 | I35: =식사!E7 -> 18 | J35: =$C$4+$E$4 -> 73 | O35: =(G35*H35)+(I35*J35)+(K35*L35)+(M35*N35) -> 1314
C36: 리버보트 탑승 | G36: 28 | H36: =$C$4+$E$4 -> 73 | O36: =(G36*H36)+(I36*J36)+(K36*L36)+(M36*N36) -> 2044
C37: 공항 이동 후 출국 | E37: =상품리스트!I6 -> 0 | O37: =(G37*H37)+(I37*J37)+(K37*L37)+(M37*N37) -> 0
K38: =SUM(K10:K37) -> 2170 | M38: =SUM(M10:M37) -> 1595
B39: 기타비용 | C39: 기타 예비 비용 ( 1인 3회 생수 등) | G39: =$C$4+$E$4 -> 73 | I39: 10 | K39: 1 | O39: =G39*I39*K39 -> 730
C40: 핸들링차지 | G40: 50 | K40: =C4 -> 72 | O40: =G40*K40 -> 3600

Sheet 고3
A1: home | E1: ='가이드&차량'!B1 -> 1100 | G1: 호텔 | H1: 트윈/더블 | I1: 13 | J1: 싱글 | K1: 0 | L1: 금액 | M1: 룸넘버 | N1: 소계 | O1: 합계 | V1: * 서차지기간 확인필수 | AC1: 주중 | AD1: 주말
B2: 마스터코드 | C2: 고등학교 글로벌 문화체험 3 | H2: =C5 -> 45732 | J2: =AB2 -> Momentus | L2: =IF( (IF(WEEKDAY(H2, 2) <= 5, AC2, AD2) + IF(AND(H2 >= W3, H2 <= X3), Z3, 0) + IF(AND(H2 >= W4, H2 <= X4), Z4, 0) + IF(AND(H2 >= W5, H2 <= X5), Z5, 0) + IF(AND(H2 >= W6, H2 <= X6), Z6, 0) + IF(AND(H2 >= W7, H2 <= X7), Z7, 0) + IF(AND(H2 >= W8, H2 <= X8), Z8, 0) + IF(AND(H2 >= W9, H2 <= X9), Z9, 0) + IF(AND(H2 >= W10, H2 <= X10), Z10, 0)) < 1, "Surcharge Check", (IF(WEEKDAY(H2, 2) <= 5, AC2, AD2) + IF(AND(H2 >= W3, H2 <= X3), Z3, 0) + IF(AND(H2 >= W4, H2 <= X4), Z4, 0) + IF(AND(H2 >= W5, H2 <= X5), Z5, 0) + IF(AND(H2 >= W6, H2 <= X6), Z6, 0) + IF(AND(H2 >= W7, H2 <= X7), Z7, 0) + IF(AND(H2 >= W8, H2 <= X8), Z8, 0) + IF(AND(H2 >= W9, H2 <= X9), Z9, 0) + IF(AND(H2 >= W10, H2 <= X10), Z10, 0)) ) -> 180 | M2: =$I$1+$K$1 -> 13 | N2: =L2*M2 -> 2340 | O2: =SUM(N2:N6) -> 7280 | Q2: 옵션 - 5개 | R2: -40 | S2: 쇼핑 - 4회 | T2: -30 | V2: EVENT | W2: 시작일 | X2: 마감일 | Y2: 실제 행사일 | AB2: Momentus | AC2: 190 | AD2: 180
B3: 구분[여정] | C3: #NUS #USS #리버원더스 #리버보트 | H3: =H2+1 -> 45733 | J3: =J2 -> Momentus | L3: =IF( (IF(WEEKDAY(H3, 2) <= 5, AC2, AD2) + IF(AND(H3 >= W3, H3 <= X3), Z3, 0) + IF(AND(H3 >= W4, H3 <= X4), Z4, 0) + IF(AND(H3 >= W5, H3 <= X5), Z5, 0) + IF(AND(H3 >= W6, H3 <= X6), Z6, 0) + IF(AND(H3 >= W7, H3 <= X7), Z7, 0) + IF(AND(H3 >= W8, H3 <= X8), Z8, 0) + IF(AND(H3 >= W9, H3 <= X9), Z9, 0) + IF(AND(H3 >= W10, H3 <= X10), Z10, 0)) < 1, "Surcharge Check", (IF(WEEKDAY(H3, 2) <= 5, AC2, AD2) + IF(AND(H3 >= W3, H3 <= X3), Z3, 0) + IF(AND(H3 >= W4, H3 <= X4), Z4, 0) + IF(AND(H3 >= W5, H3 <= X5), Z5, 0) + IF(AND(H3 >= W6, H3 <= X6), Z6, 0) + IF(AND(H3 >= W7, H3 <= X7), Z7, 0) + IF(AND(H3 >= W8, H3 <= X8), Z8, 0) + IF(AND(H3 >= W9, H3 <= X9), Z9, 0) + IF(AND(H3 >= W10, H3 <= X10), Z10, 0)) ) -> 190 | M3: =$I$1+$K$1 -> 13 | N3: =L3*M3 -> 2470 | Q3: 옵션 - 4개 | R3: -30 | S3: 쇼핑 - 3회 | T3: -20 | V3: =서차지!B3 -> World Paralympic Swimming | W3: =서차지!C3 -> 45921 | X3: =서차지!D3 -> 45562 | Y3: =서차지!E3 -> 21 – 27 September 2025 | Z3: -2000
B4: 인원(손님) | C4: 25 | D4: 인원(FOC) | E4: 1 | H4: =H3+1 -> 45734 | J4: =J2 -> Momentus | L4: =IF( (IF(WEEKDAY(H4, 2) <= 5, AC2, AD2) + IF(AND(H4 >= W3, H4 <= X3), Z3, 0) + IF(AND(H4 >= W4, H4 <= X4), Z4, 0) + IF(AND(H4 >= W5, H4 <= X5), Z5, 0) + IF(AND(H4 >= W6, H4 <= X6), Z6, 0) + IF(AND(H4 >= W7, H4 <= X7), Z7, 0) + IF(AND(H4 >= W8, H4 <= X8), Z8, 0) + IF(AND(H4 >= W9, H4 <= X9), Z9, 0) + IF(AND(H4 >= W10, H4 <= X10), Z10, 0)) < 1, "Surcharge Check", (IF(WEEKDAY(H4, 2) <= 5, AC2, AD2) + IF(AND(H4 >= W3, H4 <= X3), Z3, 0) + IF(AND(H4 >= W4, H4 <= X4), Z4, 0) + IF(AND(H4 >= W5, H4 <= X5), Z5, 0) + IF(AND(H4 >= W6, H4 <= X6), Z6, 0) + IF(AND(H4 >= W7, H4 <= X7), Z7, 0) + IF(AND(H4 >= W8, H4 <= X8), Z8, 0) + IF(AND(H4 >= W9, H4 <= X9), Z9, 0) + IF(AND(H4 >= W10, H4 <= X10), Z10, 0)) ) -> 190 | M4: =$I$1+$K$1 -> 13 | N4: =L4*M4 -> 2470 | Q4: 옵션 - 3개 | R4: -20 | S4: 쇼핑 - 2회 | T4: -10 | V4: =서차지!B4 -> Singapore Formula One (F1) | W4: =서차지!C4 -> 45932 | X4: =서차지!D4 -> 45935 | Y4: =서차지!E4 -> 02 Oct - 05 Oct, 2025 | Z4: -2000 | AB4: Momentus | AC4: 190 | AD4: 180
B5: 도착날짜 | C5: 45732 | D5: 3 | E5: =C5+D5 -> 45735 | Q5: 옵션 - 2개 | R5: 0 | S5: 쇼핑 - 1회 | T5: 0 | V5: =서차지!B5 -> ITB Asia | W5: =서차지!C5 -> 45944 | X5: =서차지!D5 -> 45947 | Y5: =서차지!E5 -> 23 - 25 October 2025 | Z5: -2000 | AB5: Aloft Novena | AC5: 180 | AD5: 180
B6: 인당 지상비 (SGD) | C6: =(SUM(O10:O42)+O2)/C4+R6+T6 -> 904.424 | D6: 인당 지상비 (원화) | E6: =C6*$E$1 -> 994866.4 | Q6: 옵션 - 0개 | R6: 5 | S6: 쇼핑 - 0회 | T6: 5 | V6: =서차지!B6 -> FHA-HoReCa | W6: =서차지!C6 -> 45950 | X6: =서차지!D6 -> 45953 | Y6: =서차지!E6 -> 0 | Z6: -2000 | AB6: Mercure Stevens | AC6: 195 | AD6: 195
B7: 옵션 | C7: 0 | D7: 쇼핑 | E7: 0 | V7: =서차지!B7 -> FinTech 2025 | W7: =서차지!C7 -> 45972 | X7: =서차지!D7 -> 45974 | Y7: =서차지!E7 -> 0 | Z7: -2000 | AB7: M Hotel City Centre | AC7: 210 | AD7: 210
G8: 입장료(항공) | I8: 식사비 | K8: 차량 | M8: 가이드 | O8: 총합계 | V8: =서차지!B8 -> Christmas Day | W8: =서차지!C8 -> 46015 | X8: =서차지!D8 -> 46016 | Y8: =서차지!E8 -> 0 | Z8: -2000 | AB8: Concorde Hotel | AC8: 230 | AD8: 230
B9: SGD/WON | C9: =E1 -> 1100 | D9: SGD/MYR | E9: 3.5 | G9: 금액 | H9: 인원 | I9: 금액 | J9: 인원 | K9: 금액 | L9: 인원 | M9: 금액 | N9: 인원 | V9: =서차지!B9 -> Year End | W9: =서차지!C9 -> 46021 | X9: =서차지!D9 -> 46023 | Y9: =서차지!E9 -> 0 | Z9: -2000 | AB9: Oasia Novena | AC9: 225 | AD9: 225
B10: =TEXT(C5,"m월 d일 aaaa") -> 3월 16일 일요일 | C10: 부산출발 - 싱가포르 도착 | E10: 0.98263889 | K10: =IF(C4+E4<8,'가이드&차량'!C43, IF(C4+E4<=14,'가이드&차량'!C35,'가이드&차량'!C19)) -> 280 | L10: 1 | M10: ='가이드&차량'!C3 -> 150 | N10: 1 | O10: =(G10*H10)+(I10*J10)+(K10*L10)+(M10*N10) -> 430 | V10: =서차지!B10 -> Year End | W10: =서차지!C10 -> 46022 | X10: =서차지!D10 -> 46022 | Y10: =서차지!E10 -> 0 | Z10: -2000 | AB10: Orchid Hotel | AC10: 220 | AD10: 220
C11: 가이드 미팅 후 싱가포르 호텔 이동 | O11: =(G11*H11)+(I11*J11)+(K11*L11)+(M11*N11) -> 0 | V11: =서차지!B11 -> Singapore Airshow 2026 | W11: =서차지!C11 -> 46056 | X11: =서차지!D11 -> 46059 | Y11: =서차지!E11 -> 3 - 6 Feb 2026 | AB11: Amara Singapore | AC11: 230 | AD11: 230
C12: 싱가포르 호텔 투숙 | O12: =(G12*H12)+(I12*J12)+(K12*L12)+(M12*N12) -> 0 | V12: =서차지!B12 -> Chinese New Year | W12: =서차지!C12 -> 46069 | X12: =서차지!D12 -> 46077 | Y12: =서차지!E12 -> 16 - 24 Feb 2026 | AB12: Orchard Hotel | AC12: 240 | AD12: 240
B13: =TEXT(C5+1,"m월 d일 aaaa") -> 3월 17일 월요일 | C13: 호텔 조식 후 가이드 미팅 | K13: =IF(C4+E4<8,'가이드&차량'!C47, IF(C4+E4<=14,'가이드&차량'!C39,'가이드&차량'!C23)) -> 630 | L13: =L10 -> 1 | M13: ='가이드&차량'!C6 -> 375 | N13: =N10 -> 1 | O13: =(G13*H13)+(I13*J13)+(K13*L13)+(M13*N13) -> 1005 | Q13: 차량/가이드 10시간 기준 | V13: =서차지!B13 -> Food & Hotel Beverage | W13: =서차지!C13 -> 0 | X13: =서차지!D13 -> 0 | Y13: =서차지!E13 -> 0 | AB13: Grand Copthorne | AC13: 240 | AD13: 240
C14: 센토사섬 케이블카 탑승 (편도) | G14: =일정!E11 -> 20 | H14: =$C$4+$E$4 -> 26 | O14: =(G14*H14)+(I14*J14)+(K14*L14)+(M14*N14) -> 520 | V14: =서차지!B14 -> CommunicAsia | W14: =서차지!C14 -> 0 | X14: =서차지!D14 -> 0 | Y14: =서차지!E14 -> 0 | AB14: Mercure Tyrwhitt | AC14: 170 | AD14: 170
C15: (간식) 카약토스트 + 음료 | I15: 10 | J15: =$C$4+$E$4 -> 26 | O15: =(G15*H15)+(I15*J15)+(K15*L15)+(M15*N15) -> 260 | V15: =서차지!B15 -> National Day | W15: =서차지!C15 -> 0 | X15: =서차지!D15 -> 0 | Y15: =서차지!E15 -> 0
C16: (중식) 자유식 20 SGD | I16: 20 | J16: =$C$4+$E$4 -> 26 | O16: =(G16*H16)+(I16*J16)+(K16*L16)+(M16*N16) -> 520 | AB16: Hotel Boss | AC16: 185 | AD16: 185
C17: USS 자유 관람 | G17: =일정!E3 -> 75.3 | H17: =$C$4+$E$4 -> 26 | O17: =(G17*H17)+(I17*J17)+(K17*L17)+(M17*N17) -> 1957.8 | AB17: V Hotel Lavender | AC17: 185 | AD17: 185
C18: USS 관람 후 식당 이동 | O18: =(G18*H18)+(I18*J18)+(K18*L18)+(M18*N18) -> 0 | AB18: IbIs Novena | AC18: 155 | AD18: 155
C19: (석식) 고기 뷔페 - IM KIM | I19: =식사!E17 -> 21.9 | J19: =$C$4+$E$4 -> 26 | O19: =(G19*H19)+(I19*J19)+(K19*L19)+(M19*N19) -> 569.4 | AB19: Oasia Sentosa | AC19: 280 | AD19: 280
C20: 호텔 복귀 후 자유 휴식 및 취침 | O20: =(G20*H20)+(I20*J20)+(K20*L20)+(M20*N20) -> 0
B21: =TEXT(C5+2,"m월 d일 aaaa") -> 3월 18일 화요일 | C21: 호텔 조식 후 가이드 미팅 | K21: =IF(C4+E4<8,'가이드&차량'!C47, IF(C4+E4<=14,'가이드&차량'!C39,'가이드&차량'!C23)) -> 630 | L21: =L10 -> 1 | M21: ='가이드&차량'!C6 -> 375 | N21: =N10 -> 1 | O21: =(G21*H21)+(I21*J21)+(K21*L21)+(M21*N21) -> 1005 | Q21: 차량/가이드 10시간 기준
C22: 리버원더스+리버퀘스트 | G22: =일정!E39 -> 28.5 | H22: =$C$4+$E$4 -> 26 | O22: =(G22*H22)+(I22*J22)+(K22*L22)+(M22*N22) -> 741
C23: (중식) 송파 바쿠테 - 특식 | I23: =식사!E20 -> 20 | J23: =$C$4+$E$4 -> 26 | O23: =(G23*H23)+(I23*J23)+(K23*L23)+(M23*N23) -> 520
C24: 호텔 이동 후 2시간 자유시간 | O24: =(G24*H24)+(I24*J24)+(K24*L24)+(M24*N24) -> 0
C25: 머라이언 파크 + 아이스크림 간식 | I25: 5 | J25: =$C$4+$E$4 -> 26 | O25: =(G25*H25)+(I25*J25)+(K25*L25)+(M25*N25) -> 130
C26: 싱가포르 국립박물관 관람 | G26: =일정!E32 -> 13.3 | H26: =$C$4+$E$4 -> 26 | O26: =(G26*H26)+(I26*J26)+(K26*L26)+(M26*N26) -> 345.8
C27: (석식) 페라나칸식 - 스트레잇 차이니즈 | I27: =식사!E21 -> 18 | J27: =$C$4+$E$4 -> 26 | O27: =(G27*H27)+(I27*J27)+(K27*L27)+(M27*N27) -> 468
C28: 슈퍼트리 쇼 관람 | O28: =(G28*H28)+(I28*J28)+(K28*L28)+(M28*N28) -> 0
C29: 호텔 복귀 후 자유 휴식 및 취침 | O29: =(G29*H29)+(I29*J29)+(K29*L29)+(M29*N29) -> 0
B30: =TEXT(C5+3,"m월 d일 aaaa") -> 3월 19일 수요일 | C30: 호텔 조식 후 가이드 미팅 | K30: =IF(C4+E4<8,'가이드&차량'!C47, IF(C4+E4<=14,'가이드&차량'!C39,'가이드&차량'!C23)) -> 630 | L30: =L10 -> 1 | M30: ='가이드&차량'!C6+'가이드&차량'!C3 -> 525 | N30: =N10 -> 1 | O30: =(G30*H30)+(I30*J30)+(K30*L30)+(M30*N30) -> 1155 | Q30: 차량/가이드 12시간 기준
C31: NUS 재학생 투어 (2조 분리 행사) | M31: 170 | N31: 2 | O31: =(G31*H31)+(I31*J31)+(K31*L31)+(M31*N31) -> 340
C32: (중식) 오빠샤브- 스팀보트 | I32: 18 | J32: =$C$4+$E$4 -> 26 | O32: =(G32*H32)+(I32*J32)+(K32*L32)+(M32*N32) -> 468
C33: MBS 전망대 (Sky Park) | G33: =일정!E35 -> 34.3 | H33: =$C$4+$E$4 -> 26 | O33: =(G33*H33)+(I33*J33)+(K33*L33)+(M33*N33) -> 891.8
C34: =일정!C27 -> 가든스바이더베이 2돔 ( 쥬랴기 ) | G34: =일정!E27 -> 28.3 | H34: =$C$4+$E$4 -> 26 | O34: =(G34*H34)+(I34*J34)+(K34*L34)+(M34*N34) -> 735.8
C35: 시티 겔러리 방문 + 망고빙수 (2인1개) | I35: 5 | J35: =$C$4+$E$4 -> 26 | O35: =(G35*H35)+(I35*J35)+(K35*L35)+(M35*N35) -> 130
C36: (석식) 북창동 순두부 | I36: =식사!E3 -> 25 | J36: =$C$4+$E$4 -> 26 | O36: =(G36*H36)+(I36*J36)+(K36*L36)+(M36*N36) -> 650
C37: 리버보트 탑승 + 클라키 야경 감상 | G37: 28 | H37: =$C$4+$E$4 -> 26 | O37: =(G37*H37)+(I37*J37)+(K37*L37)+(M37*N37) -> 728
C38: 공항 이동 후 출국 | E38: =상품리스트!I7 -> 0 | O38: =(G38*H38)+(I38*J38)+(K38*L38)+(M38*N38) -> 0
K39: =SUM(K10:K38) -> 2170 | M39: =SUM(M10:M38) -> 1595
B40: 기타비용 | C40: 기타 예비 비용 ( 1인 1일 생수2제공 등) | G40: =$C$4+$E$4 -> 26 | I40: 10 | K40: 1 | O40: =G40*I40*K40 -> 260
C41: 핸들링차지 | G41: 50 | K41: =C4 -> 25 | O41: =G41*K41 -> 1250

Sheet 210OZA
A1: home | E1: ='가이드&차량'!B1 -> 1100 | G1: 호텔 | H1: 트윈/더블 | I1: =C4/2 -> 8 | J1: 싱글 | K1: 0 | L1: 금액 | M1: 룸넘버 | N1: 소계 | O1: 합계 | V1: * 서차지기간 확인필수 | AC1: 주중 | AD1: 주말
B2: 마스터코드 | C2: ASP210_OZA | H2: =C5 -> 45732 | J2: =AB2 -> Mercure Stevens | L2: =IF( (IF(WEEKDAY(H2, 2) <= 5, AC2, AD2) + IF(AND(H2 >= W3, H2 <= X3), Z3, 0) + IF(AND(H2 >= W4, H2 <= X4), Z4, 0) + IF(AND(H2 >= W5, H2 <= X5), Z5, 0) + IF(AND(H2 >= W6, H2 <= X6), Z6, 0) + IF(AND(H2 >= W7, H2 <= X7), Z7, 0) + IF(AND(H2 >= W8, H2 <= X8), Z8, 0) + IF(AND(H2 >= W9, H2 <= X9), Z9, 0) + IF(AND(H2 >= W10, H2 <= X10), Z10, 0)) < 1, "Surcharge Check", (IF(WEEKDAY(H2, 2) <= 5, AC2, AD2) + IF(AND(H2 >= W3, H2 <= X3), Z3, 0) + IF(AND(H2 >= W4, H2 <= X4), Z4, 0) + IF(AND(H2 >= W5, H2 <= X5), Z5, 0) + IF(AND(H2 >= W6, H2 <= X6), Z6, 0) + IF(AND(H2 >= W7, H2 <= X7), Z7, 0) + IF(AND(H2 >= W8, H2 <= X8), Z8, 0) + IF(AND(H2 >= W9, H2 <= X9), Z9, 0) + IF(AND(H2 >= W10, H2 <= X10), Z10, 0)) ) -> 195 | M2: =$I$1+$K$1 -> 8 | N2: =L2*M2 -> 1560 | O2: =SUM(N2:N6) -> 4680 | Q2: 옵션 - 5개 | R2: -40 | S2: 쇼핑 - 4회 | T2: -30 | V2: EVENT | W2: 시작일 | X2: 마감일 | Y2: 실제 행사일 | AB2: Mercure Stevens | AC2: 195 | AD2: 195
B3: 구분[여정] | C3: #리버원더스 #버드+뷔페 #루지+마담투소 | H3: =H2+1 -> 45733 | J3: =J2 -> Mercure Stevens | L3: =IF( (IF(WEEKDAY(H3, 2) <= 5, AC2, AD2) + IF(AND(H3 >= W3, H3 <= X3), Z3, 0) + IF(AND(H3 >= W4, H3 <= X4), Z4, 0) + IF(AND(H3 >= W5, H3 <= X5), Z5, 0) + IF(AND(H3 >= W6, H3 <= X6), Z6, 0) + IF(AND(H3 >= W7, H3 <= X7), Z7, 0) + IF(AND(H3 >= W8, H3 <= X8), Z8, 0) + IF(AND(H3 >= W9, H3 <= X9), Z9, 0) + IF(AND(H3 >= W10, H3 <= X10), Z10, 0)) < 1, "Surcharge Check", (IF(WEEKDAY(H3, 2) <= 5, AC2, AD2) + IF(AND(H3 >= W3, H3 <= X3), Z3, 0) + IF(AND(H3 >= W4, H3 <= X4), Z4, 0) + IF(AND(H3 >= W5, H3 <= X5), Z5, 0) + IF(AND(H3 >= W6, H3 <= X6), Z6, 0) + IF(AND(H3 >= W7, H3 <= X7), Z7, 0) + IF(AND(H3 >= W8, H3 <= X8), Z8, 0) + IF(AND(H3 >= W9, H3 <= X9), Z9, 0) + IF(AND(H3 >= W10, H3 <= X10), Z10, 0)) ) -> 195 | M3: =$I$1+$K$1 -> 8 | N3: =L3*M3 -> 1560 | Q3: 옵션 - 4개 | R3: -30 | S3: 쇼핑 - 3회 | T3: -20 | V3: =서차지!B3 -> World Paralympic Swimming | W3: =서차지!C3 -> 45921 | X3: =서차지!D3 -> 45562 | Y3: =서차지!E3 -> 21 – 27 September 2025 | Z3: -2000
B4: 인원(손님) | C4: 16 | D4: 인원(FOC) | E4: 0 | H4: =H3+1 -> 45734 | J4: =J2 -> Mercure Stevens | L4: =IF( (IF(WEEKDAY(H4, 2) <= 5, AC2, AD2) + IF(AND(H4 >= W3, H4 <= X3), Z3, 0) + IF(AND(H4 >= W4, H4 <= X4), Z4, 0) + IF(AND(H4 >= W5, H4 <= X5), Z5, 0) + IF(AND(H4 >= W6, H4 <= X6), Z6, 0) + IF(AND(H4 >= W7, H4 <= X7), Z7, 0) + IF(AND(H4 >= W8, H4 <= X8), Z8, 0) + IF(AND(H4 >= W9, H4 <= X9), Z9, 0) + IF(AND(H4 >= W10, H4 <= X10), Z10, 0)) < 1, "Surcharge Check", (IF(WEEKDAY(H4, 2) <= 5, AC2, AD2) + IF(AND(H4 >= W3, H4 <= X3), Z3, 0) + IF(AND(H4 >= W4, H4 <= X4), Z4, 0) + IF(AND(H4 >= W5, H4 <= X5), Z5, 0) + IF(AND(H4 >= W6, H4 <= X6), Z6, 0) + IF(AND(H4 >= W7, H4 <= X7), Z7, 0) + IF(AND(H4 >= W8, H4 <= X8), Z8, 0) + IF(AND(H4 >= W9, H4 <= X9), Z9, 0) + IF(AND(H4 >= W10, H4 <= X10), Z10, 0)) ) -> 195 | M4: =$I$1+$K$1 -> 8 | N4: =L4*M4 -> 1560 | Q4: 옵션 - 3개 | R4: -20 | S4: 쇼핑 - 2회 | T4: -10 | V4: =서차지!B4 -> Singapore Formula One (F1) | W4: =서차지!C4 -> 45932 | X4: =서차지!D4 -> 45935 | Y4: =서차지!E4 -> 02 Oct - 05 Oct, 2025 | Z4: -2000 | AB4: ='25메인호텔'!F2 -> Momentus | AC4: ='25메인호텔'!G2 -> 190 | AD4: ='25메인호텔'!H2 -> 180
B5: 도착날짜 | C5: 45732 | D5: 3 | E5: =C5+D5 -> 45735 | H5: =H4+1 -> 45735 | N5: =L5*M5 -> 0 | Q5: 옵션 - 2개 | R5: 0 | S5: 쇼핑 - 1회 | T5: 0 | V5: =서차지!B5 -> ITB Asia | W5: =서차지!C5 -> 45944 | X5: =서차지!D5 -> 45947 | Y5: =서차지!E5 -> 23 - 25 October 2025 | Z5: -2000 | AB5: ='25메인호텔'!F3 -> Aloft Novena | AC5: ='25메인호텔'!G3 -> 180 | AD5: ='25메인호텔'!H3 -> 180
B6: 인당 지상비 (SGD) | C6: =(SUM(O10:O42)+O2)/C4+R5+T6 -> 902.7875 | D6: 인당 지상비 (원화) | E6: =C6*$E$1 -> 993066.25 | H6: =H5+1 -> 45736 | N6: =L6*M6 -> 0 | Q6: 옵션 - 0개 | R6: 5 | S6: 쇼핑 - 0회 | T6: 5 | V6: =서차지!B6 -> FHA-HoReCa | W6: =서차지!C6 -> 45950 | X6: =서차지!D6 -> 45953 | Y6: =서차지!E6 -> 0 | Z6: -2000 | AB6: ='25메인호텔'!F4 -> Mercure Stevens | AC6: ='25메인호텔'!G4 -> 180 | AD6: ='25메인호텔'!H4 -> 180
B7: 옵션 | C7: 2 | D7: 쇼핑 | E7: 0 | V7: =서차지!B7 -> FinTech 2025 | W7: =서차지!C7 -> 45972 | X7: =서차지!D7 -> 45974 | Y7: =서차지!E7 -> 0 | Z7: -2000 | AB7: ='25메인호텔'!F5 -> M Hotel City Centre | AC7: ='25메인호텔'!G5 -> 230 | AD7: ='25메인호텔'!H5 -> 230
G8: 입장료(항공) | I8: 식사비 | K8: 차량 | M8: 가이드 | O8: 총합계 | V8: =서차지!B8 -> Christmas Day | W8: =서차지!C8 -> 46015 | X8: =서차지!D8 -> 46016 | Y8: =서차지!E8 -> 0 | Z8: -2000 | AB8: ='25메인호텔'!F6 -> Concorde Hotel | AC8: ='25메인호텔'!G6 -> 230 | AD8: ='25메인호텔'!H6 -> 230
B9: SGD/WON | C9: =E1 -> 1100 | D9: SGD/MYR | E9: 3.5 | G9: 금액 | H9: 인원 | I9: 금액 | J9: 인원 | K9: 금액 | L9: 인원 | M9: 금액 | N9: 인원 | V9: =서차지!B9 -> Year End | W9: =서차지!C9 -> 46021 | X9: =서차지!D9 -> 46023 | Y9: =서차지!E9 -> 0 | Z9: -2000 | AB9: ='25메인호텔'!F7 -> Oasia Novena | AC9: ='25메인호텔'!G7 -> 210 | AD9: ='25메인호텔'!H7 -> 210
B10: =TEXT(C5,"m월 d일 aaaa") -> 3월 16일 일요일 | C10: 인천출발 - 싱가포르 도착 | E10: =상품리스트!F8 -> 0.89583333 | K10: =IF(C4+E4<8,'가이드&차량'!C43, IF(C4+E4<=14,'가이드&차량'!C35,'가이드&차량'!C19)) -> 280 | L10: 1 | M10: ='가이드&차량'!C3 -> 150 | N10: 1 | O10: =(G10*H10)+(I10*J10)+(K10*L10)+(M10*N10) -> 430 | V10: =서차지!B10 -> Year End | W10: =서차지!C10 -> 46022 | X10: =서차지!D10 -> 46022 | Y10: =서차지!E10 -> 0 | Z10: -2000 | AB10: ='25메인호텔'!F8 -> Orchid Hotel | AC10: ='25메인호텔'!G8 -> 220 | AD10: ='25메인호텔'!H8 -> 220
C11: 가이드 미팅 후 싱가포르 호텔 이동 | O11: =(G11*H11)+(I11*J11)+(K11*L11)+(M11*N11) -> 0 | V11: =서차지!B11 -> Singapore Airshow 2026 | W11: =서차지!C11 -> 46056 | X11: =서차지!D11 -> 46059 | Y11: =서차지!E11 -> 3 - 6 Feb 2026 | AB11: ='25메인호텔'!F9 -> Amara Singapore | AC11: ='25메인호텔'!G9 -> 230 | AD11: ='25메인호텔'!H9 -> 230
C12: 싱가포르 호텔 투숙 | O12: =(G12*H12)+(I12*J12)+(K12*L12)+(M12*N12) -> 0 | V12: =서차지!B12 -> Chinese New Year | W12: =서차지!C12 -> 46069 | X12: =서차지!D12 -> 46077 | Y12: =서차지!E12 -> 16 - 24 Feb 2026 | AB12: ='25메인호텔'!F10 -> Orchard Hotel | AC12: ='25메인호텔'!G10 -> 240 | AD12: ='25메인호텔'!H10 -> 240
B13: =TEXT(C5+1,"m월 d일 aaaa") -> 3월 17일 월요일 | C13: 호텔 조식 후 가이드 미팅 | K13: =IF(C4+E4<8,'가이드&차량'!C47, IF(C4+E4<=14,'가이드&차량'!C39,'가이드&차량'!C23)) -> 630 | L13: =L10 -> 1 | M13: ='가이드&차량'!C6 -> 375 | N13: =N10 -> 1 | O13: =(G13*H13)+(I13*J13)+(K13*L13)+(M13*N13) -> 1005 | Q13: 차량/가이드 10시간 기준 | V13: =서차지!B13 -> Food & Hotel Beverage | W13: =서차지!C13 -> 0 | X13: =서차지!D13 -> 0 | Y13: =서차지!E13 -> 0 | AB13: ='25메인호텔'!F11 -> Grand Copthorne | AC13: ='25메인호텔'!G11 -> 240 | AD13: ='25메인호텔'!H11 -> 240
C14: 보타닉가든+멀라이언파크 | O14: =(G14*H14)+(I14*J14)+(K14*L14)+(M14*N14) -> 0 | AB14: ='25메인호텔'!F12 -> Mercure Tyrwhitt | AC14: ='25메인호텔'!G12 -> 170 | AD14: ='25메인호텔'!H12 -> 170
C15: (중식) 칠리크랩 - 레드하우스 | I15: 45 | J15: =$C$4+$E$4 -> 16 | O15: =(G15*H15)+(I15*J15)+(K15*L15)+(M15*N15) -> 720 | AB15: ='25메인호텔'!F13 -> Hotel Boss | AC15: ='25메인호텔'!G13 -> 185 | AD15: ='25메인호텔'!H13 -> 185
C16: 리버원더스 (아마존 퀘스트 불포함) | G16: =일정!E38 -> 23.5 | H16: =$C$4+$E$4 -> 16 | O16: =(G16*H16)+(I16*J16)+(K16*L16)+(M16*N16) -> 376 | V16: =서차지!B15 -> National Day | W16: =서차지!C15 -> 0 | X16: =서차지!D15 -> 0 | Y16: =서차지!E15 -> 0 | AB16: ='25메인호텔'!F14 -> V Hotel Lavender | AC16: ='25메인호텔'!G14 -> 185 | AD16: ='25메인호텔'!H14 -> 185
C17: =일정!C27 -> 가든스바이더베이 2돔 ( 쥬랴기 ) | G17: =일정!E27 -> 28.3 | H17: =$C$4+$E$4 -> 16 | O17: =(G17*H17)+(I17*J17)+(K17*L17)+(M17*N17) -> 452.8 | AB17: ='25메인호텔'!F16 -> IbIs bencoolen | AC17: ='25메인호텔'!G16 -> 185 | AD17: ='25메인호텔'!H16 -> 185
C18: (석식) SBCD 두부하우스 | I18: 25 | J18: =$C$4+$E$4 -> 16 | O18: =(G18*H18)+(I18*J18)+(K18*L18)+(M18*N18) -> 400 | AB18: ='25메인호텔'!F17 -> Oasia Sentosa | AC18: ='25메인호텔'!G17 -> 240 | AD18: ='25메인호텔'!H17 -> 240
C19: 슈퍼트리쇼 | O19: =(G19*H19)+(I19*J19)+(K19*L19)+(M19*N19) -> 0 | AB19: ='25메인호텔'!F18 -> Swissotel The stamford | AC19: ='25메인호텔'!G18 -> 540 | AD19: ='25메인호텔'!H18 -> 540 | AE19: ='25메인호텔'!#REF! -> #REF! | AF19: ='25메인호텔'!#REF! -> #REF!
C20: 호텔 복귀 휴식 및 취침 | O20: =(G20*H20)+(I20*J20)+(K20*L20)+(M20*N20) -> 0
B21: =TEXT(C5+2,"m월 d일 aaaa") -> 3월 18일 화요일 | C21: 호텔 조식 후 가이드 미팅 | K21: =IF(C4+E4<8,'가이드&차량'!C47, IF(C4+E4<=14,'가이드&차량'!C39,'가이드&차량'!C23)) -> 630 | L21: =L10 -> 1 | M21: ='가이드&차량'!C6 -> 375 | N21: =N10 -> 1 | O21: =(G21*H21)+(I21*J21)+(K21*L21)+(M21*N21) -> 1005 | Q21: 차량/가이드 10시간 기준
C22: 버드 파라다이스 | G22: =일정!E40 -> 24.5 | H22: =$C$4+$E$4 -> 16 | O22: =(G22*H22)+(I22*J22)+(K22*L22)+(M22*N22) -> 392
C23: (중식) 펭퀸코브 뷔페 | I23: =식사!E36 -> 20 | J23: =$C$4+$E$4 -> 16 | O23: =(G23*H23)+(I23*J23)+(K23*L23)+(M23*N23) -> 320
C24: 오차드로드 + 에레랄드 힐 + 마리나베라지 | O24: =(G24*H24)+(I24*J24)+(K24*L24)+(M24*N24) -> 0
C25: (석식) 자유식 20 SGD - 호커센터 | I25: 20 | J25: =$C$4+$E$4 -> 16 | O25: =(G25*H25)+(I25*J25)+(K25*L25)+(M25*N25) -> 320
C26: 식사 후 호텔 휴식 | O26: =(G26*H26)+(I26*J26)+(K26*L26)+(M26*N26) -> 0
B27: =TEXT(C5+3,"m월 d일 aaaa") -> 3월 19일 수요일 | C27: 호텔 조식 후 개별 체크아웃 | K27: =IF(C4+E4<8,'가이드&차량'!C47, IF(C4+E4<=14,'가이드&차량'!C39,'가이드&차량'!C23)) -> 630 | L27: =L10 -> 1 | M27: ='가이드&차량'!C6+'가이드&차량'!C3 -> 525 | N27: =N10 -> 1 | O27: =(G27*H27)+(I27*J27)+(K27*L27)+(M27*N27) -> 1155 | Q27: 차량/가이드 12시간 기준
C28: (중식) 송파 바쿠테 | I28: =식사!E19 -> 17 | J28: =$C$4+$E$4 -> 16 | O28: =(G28*H28)+(I28*J28)+(K28*L28)+(M28*N28) -> 272
C29: 센토사 섬 ( 케이블카 + 마담투소 +루지) | G29: =일정!E10+일정!E19+일정!E20 -> 76.3 | H29: =$C$4+$E$4 -> 16 | O29: =(G29*H29)+(I29*J29)+(K29*L29)+(M29*N29) -> 1220.8
C30: 카야 토스트 세트 시식 | I30: =식사!E33 -> 10 | J30: =$C$4+$E$4 -> 16 | O30: =(G30*H30)+(I30*J30)+(K30*L30)+(M30*N30) -> 160
C31: 리틀인디아 + 아랍스트리트 + 하지레인 + 부기스 | O31: =(G31*H31)+(I31*J31)+(K31*L31)+(M31*N31) -> 0
C32: (석식) 아마라 호텔 씨푸드 뷔페 | I32: 38 | J32: =$C$4+$E$4 -> 16 | O32: =(G32*H32)+(I32*J32)+(K32*L32)+(M32*N32) -> 608
C33: 공항 이동 후 출국 | E33: =상품리스트!I8 -> 0.95138889 | O33: =(G33*H33)+(I33*J33)+(K33*L33)+(M33*N33) -> 0
K34: =SUM(K10:K33) -> 2170 | M34: =SUM(M10:M33) -> 1425
B36: 기타비용 | C36: 기타 예비 비용 ( 1인 생수 등) | G36: =$C$4+$E$4 -> 16 | I36: 3 | K36: 1 | O36: =G36*I36*K36 -> 48
C37: 핸들링차지 | G37: 50 | K37: =C4 -> 16 | O37: =G37*K37 -> 800
B39: 포함 옵션 (싱가포르) | C39: 2층버스 | G39: 0 | I39: =일정!G24 -> 30 | K39: =C4 -> 16 | O39: =G39*I39*K39 -> 0
C40: 리버보트 | G40: 0 | I40: =일정!G30 -> 28 | K40: =C4 -> 16 | O40: =G40*I40*K40 -> 0
C41: 스카이파크 | G41: 0 | I41: =일정!G35 -> 36 | K41: =C4 -> 16 | O41: =G41*I41*K41 -> 0
C42: 플라이어 | I42: =일정!G29 -> 40 | K42: =C4 -> 16 | O42: =G42*I42*K42 -> 0

Sheet 210KEG
A1: home | E1: ='가이드&차량'!B1 -> 1100 | G1: 호텔 | H1: 트윈/더블 | I1: =C4/2 -> 7.5 | J1: 싱글 | K1: 0 | L1: 금액 | M1: 룸넘버 | N1: 소계 | O1: 합계 | V1: * 서차지기간 확인필수 | AC1: 주중 | AD1: 주말
B2: 마스터코드 | C2: ASP210_KEG | H2: =C5 -> 45732 | J2: =AB2 -> M Hotel City Centre | L2: =IF( (IF(WEEKDAY(H2, 2) <= 5, AC2, AD2) + IF(AND(H2 >= W3, H2 <= X3), Z3, 0) + IF(AND(H2 >= W4, H2 <= X4), Z4, 0) + IF(AND(H2 >= W5, H2 <= X5), Z5, 0) + IF(AND(H2 >= W6, H2 <= X6), Z6, 0) + IF(AND(H2 >= W7, H2 <= X7), Z7, 0) + IF(AND(H2 >= W8, H2 <= X8), Z8, 0) + IF(AND(H2 >= W9, H2 <= X9), Z9, 0) + IF(AND(H2 >= W10, H2 <= X10), Z10, 0)) < 1, "Surcharge Check", (IF(WEEKDAY(H2, 2) <= 5, AC2, AD2) + IF(AND(H2 >= W3, H2 <= X3), Z3, 0) + IF(AND(H2 >= W4, H2 <= X4), Z4, 0) + IF(AND(H2 >= W5, H2 <= X5), Z5, 0) + IF(AND(H2 >= W6, H2 <= X6), Z6, 0) + IF(AND(H2 >= W7, H2 <= X7), Z7, 0) + IF(AND(H2 >= W8, H2 <= X8), Z8, 0) + IF(AND(H2 >= W9, H2 <= X9), Z9, 0) + IF(AND(H2 >= W10, H2 <= X10), Z10, 0)) ) -> 210 | M2: =$I$1+$K$1 -> 7.5 | N2: =L2*M2 -> 1575 | O2: =SUM(N2:N6) -> 4725 | Q2: 옵션 - 5개 | R2: -40 | S2: 쇼핑 - 4회 | T2: -30 | V2: EVENT | W2: 시작일 | X2: 마감일 | Y2: 실제 행사일 | AB2: M Hotel City Centre | AC2: 210 | AD2: 210
B3: 구분[여정] | C3: #USS #칠리크랩 #버드파라다이스 #윙스오브타임 | H3: =H2+1 -> 45733 | J3: =J2 -> M Hotel City Centre | L3: =IF( (IF(WEEKDAY(H3, 2) <= 5, AC2, AD2) + IF(AND(H3 >= W3, H3 <= X3), Z3, 0) + IF(AND(H3 >= W4, H3 <= X4), Z4, 0) + IF(AND(H3 >= W5, H3 <= X5), Z5, 0) + IF(AND(H3 >= W6, H3 <= X6), Z6, 0) + IF(AND(H3 >= W7, H3 <= X7), Z7, 0) + IF(AND(H3 >= W8, H3 <= X8), Z8, 0) + IF(AND(H3 >= W9, H3 <= X9), Z9, 0) + IF(AND(H3 >= W10, H3 <= X10), Z10, 0)) < 1, "Surcharge Check", (IF(WEEKDAY(H3, 2) <= 5, AC2, AD2) + IF(AND(H3 >= W3, H3 <= X3), Z3, 0) + IF(AND(H3 >= W4, H3 <= X4), Z4, 0) + IF(AND(H3 >= W5, H3 <= X5), Z5, 0) + IF(AND(H3 >= W6, H3 <= X6), Z6, 0) + IF(AND(H3 >= W7, H3 <= X7), Z7, 0) + IF(AND(H3 >= W8, H3 <= X8), Z8, 0) + IF(AND(H3 >= W9, H3 <= X9), Z9, 0) + IF(AND(H3 >= W10, H3 <= X10), Z10, 0)) ) -> 210 | M3: =$I$1+$K$1 -> 7.5 | N3: =L3*M3 -> 1575 | Q3: 옵션 - 4개 | R3: -30 | S3: 쇼핑 - 3회 | T3: -20 | V3: =서차지!B3 -> World Paralympic Swimming | W3: =서차지!C3 -> 45921 | X3: =서차지!D3 -> 45562 | Y3: =서차지!E3 -> 21 – 27 September 2025 | Z3: -2000
B4: 인원(손님) | C4: 15 | D4: 인원(FOC) | E4: 0 | H4: =H3+1 -> 45734 | J4: =J2 -> M Hotel City Centre | L4: =IF( (IF(WEEKDAY(H4, 2) <= 5, AC2, AD2) + IF(AND(H4 >= W3, H4 <= X3), Z3, 0) + IF(AND(H4 >= W4, H4 <= X4), Z4, 0) + IF(AND(H4 >= W5, H4 <= X5), Z5, 0) + IF(AND(H4 >= W6, H4 <= X6), Z6, 0) + IF(AND(H4 >= W7, H4 <= X7), Z7, 0) + IF(AND(H4 >= W8, H4 <= X8), Z8, 0) + IF(AND(H4 >= W9, H4 <= X9), Z9, 0) + IF(AND(H4 >= W10, H4 <= X10), Z10, 0)) < 1, "Surcharge Check", (IF(WEEKDAY(H4, 2) <= 5, AC2, AD2) + IF(AND(H4 >= W3, H4 <= X3), Z3, 0) + IF(AND(H4 >= W4, H4 <= X4), Z4, 0) + IF(AND(H4 >= W5, H4 <= X5), Z5, 0) + IF(AND(H4 >= W6, H4 <= X6), Z6, 0) + IF(AND(H4 >= W7, H4 <= X7), Z7, 0) + IF(AND(H4 >= W8, H4 <= X8), Z8, 0) + IF(AND(H4 >= W9, H4 <= X9), Z9, 0) + IF(AND(H4 >= W10, H4 <= X10), Z10, 0)) ) -> 210 | M4: =$I$1+$K$1 -> 7.5 | N4: =L4*M4 -> 1575 | Q4: 옵션 - 3개 | R4: -20 | S4: 쇼핑 - 2회 | T4: -10 | V4: =서차지!B4 -> Singapore Formula One (F1) | W4: =서차지!C4 -> 45932 | X4: =서차지!D4 -> 45935 | Y4: =서차지!E4 -> 02 Oct - 05 Oct, 2025 | Z4: -2000 | AB4: Momentus | AC4: 190 | AD4: 180
B5: 도착날짜 | C5: 45732 | D5: 3 | E5: =C5+D5 -> 45735 | H5: =H4+1 -> 45735 | N5: =L5*M5 -> 0 | Q5: 옵션 - 2개 | R5: 0 | S5: 쇼핑 - 1회 | T5: 0 | V5: =서차지!B5 -> ITB Asia | W5: =서차지!C5 -> 45944 | X5: =서차지!D5 -> 45947 | Y5: =서차지!E5 -> 23 - 25 October 2025 | Z5: -2000 | AB5: Aloft Novena | AC5: 180 | AD5: 180
B6: 인당 지상비 (SGD) | C6: =(SUM(O10:O45)+O2)/C4+R5+T6 -> 892.76667 | D6: 인당 지상비 (원화) | E6: =C6*$E$1 -> 982043.33 | H6: =H5+1 -> 45736 | N6: =L6*M6 -> 0 | Q6: 옵션 - 0개 | R6: 5 | S6: 쇼핑 - 0회 | T6: 5 | V6: =서차지!B6 -> FHA-HoReCa | W6: =서차지!C6 -> 45950 | X6: =서차지!D6 -> 45953 | Y6: =서차지!E6 -> 0 | Z6: -2000 | AB6: Mercure Stevens | AC6: 195 | AD6: 195
B7: 옵션 | C7: 2 | D7: 쇼핑 | E7: 0 | V7: =서차지!B7 -> FinTech 2025 | W7: =서차지!C7 -> 45972 | X7: =서차지!D7 -> 45974 | Y7: =서차지!E7 -> 0 | Z7: -2000 | AB7: M Hotel City Centre | AC7: 210 | AD7: 210
G8: 입장료(항공) | I8: 식사비 | K8: 차량 | M8: 가이드 | O8: 총합계 | V8: =서차지!B8 -> Christmas Day | W8: =서차지!C8 -> 46015 | X8: =서차지!D8 -> 46016 | Y8: =서차지!E8 -> 0 | Z8: -2000 | AB8: Concorde Hotel | AC8: 230 | AD8: 230
B9: SGD/WON | C9: =E1 -> 1100 | D9: SGD/MYR | E9: 3.5 | G9: 금액 | H9: 인원 | I9: 금액 | J9: 인원 | K9: 금액 | L9: 인원 | M9: 금액 | N9: 인원 | V9: =서차지!B9 -> Year End | W9: =서차지!C9 -> 46021 | X9: =서차지!D9 -> 46023 | Y9: =서차지!E9 -> 0 | Z9: -2000 | AB9: Oasia Novena | AC9: 225 | AD9: 225
B10: =TEXT(C5,"m월 d일 aaaa") -> 3월 16일 일요일 | C10: 인천출발 - 싱가포르 도착 | E10: =상품리스트!F9 -> 0.98611111 | K10: =IF(C4+E4<8,'가이드&차량'!C43, IF(C4+E4<=14,'가이드&차량'!C35,'가이드&차량'!C19)) -> 280 | L10: 1 | M10: ='가이드&차량'!C3 -> 150 | N10: 1 | O10: =(G10*H10)+(I10*J10)+(K10*L10)+(M10*N10) -> 430 | V10: =서차지!B10 -> Year End | W10: =서차지!C10 -> 46022 | X10: =서차지!D10 -> 46022 | Y10: =서차지!E10 -> 0 | Z10: -2000 | AB10: Orchid Hotel | AC10: 220 | AD10: 220
C11: 가이드 미팅 후 싱가포르 호텔 이동 | O11: =(G11*H11)+(I11*J11)+(K11*L11)+(M11*N11) -> 0 | V11: =서차지!B11 -> Singapore Airshow 2026 | W11: =서차지!C11 -> 46056 | X11: =서차지!D11 -> 46059 | Y11: =서차지!E11 -> 3 - 6 Feb 2026 | AB11: Amara Singapore | AC11: 230 | AD11: 230
C12: 싱가포르 호텔 투숙 | O12: =(G12*H12)+(I12*J12)+(K12*L12)+(M12*N12) -> 0 | V12: =서차지!B12 -> Chinese New Year | W12: =서차지!C12 -> 46069 | X12: =서차지!D12 -> 46077 | Y12: =서차지!E12 -> 16 - 24 Feb 2026 | AB12: Orchard Hotel | AC12: 240 | AD12: 240
B13: =TEXT(C5+1,"m월 d일 aaaa") -> 3월 17일 월요일 | C13: 호텔 조식 후 가이드 미팅 | K13: =IF(C4+E4<8,'가이드&차량'!C47, IF(C4+E4<=14,'가이드&차량'!C39,'가이드&차량'!C23)) -> 630 | L13: =L10 -> 1 | M13: ='가이드&차량'!C6 -> 375 | N13: =N10 -> 1 | O13: =(G13*H13)+(I13*J13)+(K13*L13)+(M13*N13) -> 1005 | Q13: 차량/가이드 10시간 기준 | V13: =서차지!B13 -> Food & Hotel Beverage | W13: =서차지!C13 -> 0 | X13: =서차지!D13 -> 0 | Y13: =서차지!E13 -> 0 | AB13: Grand Copthorne | AC13: 240 | AD13: 240
C14: 보타닉가든+멀라이언파크 | O14: =(G14*H14)+(I14*J14)+(K14*L14)+(M14*N14) -> 0 | V14: =서차지!B14 -> CommunicAsia | W14: =서차지!C14 -> 0 | X14: =서차지!D14 -> 0 | Y14: =서차지!E14 -> 0 | AB14: Mercure Tyrwhitt | AC14: 170 | AD14: 170
C15: (중식) 칠리크랩 - 지엔 | I15: =IF(C4+E4<10,식사!E27,식사!E28) -> 35 | J15: =$C$4+$E$4 -> 15 | O15: =(G15*H15)+(I15*J15)+(K15*L15)+(M15*N15) -> 525 | V15: =서차지!B15 -> National Day | W15: =서차지!C15 -> 0 | X15: =서차지!D15 -> 0 | Y15: =서차지!E15 -> 0 | AB15: Hotel Boss | AC15: 185 | AD15: 185
C16: =일정!C27 -> 가든스바이더베이 2돔 ( 쥬랴기 ) | G16: =일정!E27 -> 28.3 | H16: =$C$4+$E$4 -> 15 | O16: =(G16*H16)+(I16*J16)+(K16*L16)+(M16*N16) -> 424.5 | AB16: IbIs bencoolen | AC16: 185 | AD16: 185
C17: 차이나타운 + 시티겔러리 | O17: =(G17*H17)+(I17*J17)+(K17*L17)+(M17*N17) -> 0 | AB17: IbIs Novena | AC17: 155 | AD17: 155
C18: (석식) 송파 바쿠테 - 특식 | I18: =식사!E20 -> 20 | J18: =$C$4+$E$4 -> 15 | O18: =(G18*H18)+(I18*J18)+(K18*L18)+(M18*N18) -> 300 | AB18: Oasia Sentosa | AC18: 280 | AD18: 280
C19: 슈퍼트리쇼 | O19: =(G19*H19)+(I19*J19)+(K19*L19)+(M19*N19) -> 0 | AB19: Swissotel The stamford | AC19: 366 | AD19: 366
C20: 호텔 복귀 휴식 및 취침 | O20: =(G20*H20)+(I20*J20)+(K20*L20)+(M20*N20) -> 0
B21: =TEXT(C5+2,"m월 d일 aaaa") -> 3월 18일 화요일 | C21: 호텔 조식 후 가이드 미팅 | K21: =IF(C4+E4<8,'가이드&차량'!C47, IF(C4+E4<=14,'가이드&차량'!C39,'가이드&차량'!C23)) -> 630 | L21: =L10 -> 1 | M21: ='가이드&차량'!C6 -> 375 | N21: =N10 -> 1 | O21: =(G21*H21)+(I21*J21)+(K21*L21)+(M21*N21) -> 1005 | Q21: 차량/가이드 10시간 기준
C22: 센토사 섬 ( 케이블카 ) | G22: =일정!E10 -> 22 | H22: =$C$4+$E$4 -> 15 | O22: =(G22*H22)+(I22*J22)+(K22*L22)+(M22*N22) -> 330
C23: USS ( 유니버셜 스튜디어 싱가포르 ) | G23: =일정!E3 -> 75.3 | H23: =$C$4+$E$4 -> 15 | O23: =(G23*H23)+(I23*J23)+(K23*L23)+(M23*N23) -> 1129.5
C24: (중식) 자유식 - 불포함 | O24: =(G24*H24)+(I24*J24)+(K24*L24)+(M24*N24) -> 0
C25: 오차드로드 + 에레랄드 힐 + 마리나베라지 | O25: =(G25*H25)+(I25*J25)+(K25*L25)+(M25*N25) -> 0
C26: (석식) 자유식 20 SGD - Malaysian Food Street | I26: 20 | J26: =$C$4+$E$4 -> 15 | O26: =(G26*H26)+(I26*J26)+(K26*L26)+(M26*N26) -> 300
C27: 윙스오브 타임 | G27: =일정!E13 -> 11 | H27: =$C$4+$E$4 -> 15
C28: 식사 후 호텔 휴식 | O28: =(G28*H28)+(I28*J28)+(K28*L28)+(M28*N28) -> 0
B29: =TEXT(C5+3,"m월 d일 aaaa") -> 3월 19일 수요일 | C29: 호텔 조식 후 개별 체크아웃 | K29: =IF(C4+E4<8,'가이드&차량'!C47, IF(C4+E4<=14,'가이드&차량'!C39,'가이드&차량'!C23)) -> 630 | L29: =L10 -> 1 | M29: ='가이드&차량'!C6+'가이드&차량'!C3 -> 525 | N29: =N10 -> 1 | O29: =(G29*H29)+(I29*J29)+(K29*L29)+(M29*N29) -> 1155 | Q29: 차량/가이드 12시간 기준
C30: 버드 파라다이스 | G30: =일정!E40 -> 24.5 | H30: =$C$4+$E$4 -> 15 | O30: =(G30*H30)+(I30*J30)+(K30*L30)+(M30*N30) -> 367.5
C31: (중식) 팽퀸 코브 뷔페 | I31: =식사!E36 -> 20 | J31: =$C$4+$E$4 -> 15 | O31: =(G31*H31)+(I31*J31)+(K31*L31)+(M31*N31) -> 300
C32: 아랍 스트리트 + 하지레인 + 부기스 스트리트 | O32: =(G32*H32)+(I32*J32)+(K32*L32)+(M32*N32) -> 0
C33: 카야 토스트 세트 시식 | I33: =식사!E33 -> 10 | J33: =$C$4+$E$4 -> 15 | O33: =(G33*H33)+(I33*J33)+(K33*L33)+(M33*N33) -> 150
C34: 오차드로드 | O34: =(G34*H34)+(I34*J34)+(K34*L34)+(M34*N34) -> 0
C35: (석식) SBCD 두부하우스 | I35: =식사!E3 -> 25 | J35: =$C$4+$E$4 -> 15 | O35: =(G35*H35)+(I35*J35)+(K35*L35)+(M35*N35) -> 375
C36: 공항 이동 후 출국 | E36: =상품리스트!I5 -> 0 | O36: =(G36*H36)+(I36*J36)+(K36*L36)+(M36*N36) -> 0
K37: =SUM(K10:K36) -> 2170 | M37: =SUM(M10:M36) -> 1425
B39: 기타비용 | C39: 기타 예비 비용 ( 1인 생수 등) | G39: =$C$4+$E$4 -> 15 | I39: 3 | K39: 1 | O39: =G39*I39*K39 -> 45
C40: 핸들링차지 | G40: 50 | K40: =C4 -> 15 | O40: =G40*K40 -> 750
B42: 포함 옵션 (싱가포르) | C42: 2층버스 | G42: 0 | I42: =일정!G24 -> 30 | K42: =C4 -> 15 | O42: =G42*I42*K42 -> 0
C43: 리버보트 | G43: 0 | I43: =일정!G30 -> 28 | K43: =C4 -> 15 | O43: =G43*I43*K43 -> 0
C44: 스카이파크 | G44: 0 | I44: =일정!G35 -> 36 | K44: =C4 -> 15 | O44: =G44*I44*K44 -> 0
C45: 플라이어 | I45: =일정!G29 -> 40 | K45: =C4 -> 15 | O45: =G45*I45*K45 -> 0

Sheet 210KED
A1: home | E1: ='가이드&차량'!B1 -> 1100 | G1: 호텔 | H1: 트윈/더블 | I1: =C4/2 -> 5.5 | J1: 싱글 | K1: 0 | L1: 금액 | M1: 룸넘버 | N1: 소계 | O1: 합계 | V1: * 서차지기간 확인필수 | AC1: 주중 | AD1: 주말
B2: 마스터코드 | C2: ASP210_KED | H2: =C5 -> 45897 | J2: =AB2 -> Oasia Novena | L2: =IF( (IF(WEEKDAY(H2, 2) <= 5, AC2, AD2) + IF(AND(H2 >= W3, H2 <= X3), Z3, 0) + IF(AND(H2 >= W4, H2 <= X4), Z4, 0) + IF(AND(H2 >= W5, H2 <= X5), Z5, 0) + IF(AND(H2 >= W6, H2 <= X6), Z6, 0) + IF(AND(H2 >= W7, H2 <= X7), Z7, 0) + IF(AND(H2 >= W8, H2 <= X8), Z8, 0) + IF(AND(H2 >= W9, H2 <= X9), Z9, 0) + IF(AND(H2 >= W10, H2 <= X10), Z10, 0)) < 1, "Surcharge Check", (IF(WEEKDAY(H2, 2) <= 5, AC2, AD2) + IF(AND(H2 >= W3, H2 <= X3), Z3, 0) + IF(AND(H2 >= W4, H2 <= X4), Z4, 0) + IF(AND(H2 >= W5, H2 <= X5), Z5, 0) + IF(AND(H2 >= W6, H2 <= X6), Z6, 0) + IF(AND(H2 >= W7, H2 <= X7), Z7, 0) + IF(AND(H2 >= W8, H2 <= X8), Z8, 0) + IF(AND(H2 >= W9, H2 <= X9), Z9, 0) + IF(AND(H2 >= W10, H2 <= X10), Z10, 0)) ) -> 210 | M2: =$I$1+$K$1 -> 5.5 | N2: =L2*M2 -> 1155 | O2: =SUM(N2:N6) -> 3465 | Q2: 옵션 - 5개 | R2: -40 | S2: 쇼핑 - 4회 | T2: -30 | V2: EVENT | W2: 시작일 | X2: 마감일 | Y2: 실제 행사일 | AB2: Oasia Novena | AC2: 210 | AD2: 210
B3: 구분[여정] | H3: =H2+1 -> 45898 | J3: =J2 -> Oasia Novena | L3: =IF( (IF(WEEKDAY(H3, 2) <= 5, AC2, AD2) + IF(AND(H3 >= W3, H3 <= X3), Z3, 0) + IF(AND(H3 >= W4, H3 <= X4), Z4, 0) + IF(AND(H3 >= W5, H3 <= X5), Z5, 0) + IF(AND(H3 >= W6, H3 <= X6), Z6, 0) + IF(AND(H3 >= W7, H3 <= X7), Z7, 0) + IF(AND(H3 >= W8, H3 <= X8), Z8, 0) + IF(AND(H3 >= W9, H3 <= X9), Z9, 0) + IF(AND(H3 >= W10, H3 <= X10), Z10, 0)) < 1, "Surcharge Check", (IF(WEEKDAY(H3, 2) <= 5, AC2, AD2) + IF(AND(H3 >= W3, H3 <= X3), Z3, 0) + IF(AND(H3 >= W4, H3 <= X4), Z4, 0) + IF(AND(H3 >= W5, H3 <= X5), Z5, 0) + IF(AND(H3 >= W6, H3 <= X6), Z6, 0) + IF(AND(H3 >= W7, H3 <= X7), Z7, 0) + IF(AND(H3 >= W8, H3 <= X8), Z8, 0) + IF(AND(H3 >= W9, H3 <= X9), Z9, 0) + IF(AND(H3 >= W10, H3 <= X10), Z10, 0)) ) -> 210 | M3: =$I$1+$K$1 -> 5.5 | N3: =L3*M3 -> 1155 | Q3: 옵션 - 4개 | R3: -30 | S3: 쇼핑 - 3회 | T3: -20 | V3: =서차지!B3 -> World Paralympic Swimming | W3: =서차지!C3 -> 45921 | X3: =서차지!D3 -> 45562 | Y3: =서차지!E3 -> 21 – 27 September 2025 | Z3: -2000
B4: 인원(손님) | C4: 11 | D4: 인원(FOC) | E4: 0 | H4: =H3+1 -> 45899 | J4: =J3 -> Oasia Novena | L4: =IF( (IF(WEEKDAY(H3, 2) <= 5, AC2, AD2) + IF(AND(H3 >= W3, H3 <= X3), Z3, 0) + IF(AND(H3 >= W4, H3 <= X4), Z4, 0) + IF(AND(H3 >= W5, H3 <= X5), Z5, 0) + IF(AND(H3 >= W6, H3 <= X6), Z6, 0) + IF(AND(H3 >= W7, H3 <= X7), Z7, 0) + IF(AND(H3 >= W8, H3 <= X8), Z8, 0) + IF(AND(H3 >= W9, H3 <= X9), Z9, 0) + IF(AND(H3 >= W10, H3 <= X10), Z10, 0)) < 1, "Surcharge Check", (IF(WEEKDAY(H3, 2) <= 5, AC2, AD2) + IF(AND(H3 >= W3, H3 <= X3), Z3, 0) + IF(AND(H3 >= W4, H3 <= X4), Z4, 0) + IF(AND(H3 >= W5, H3 <= X5), Z5, 0) + IF(AND(H3 >= W6, H3 <= X6), Z6, 0) + IF(AND(H3 >= W7, H3 <= X7), Z7, 0) + IF(AND(H3 >= W8, H3 <= X8), Z8, 0) + IF(AND(H3 >= W9, H3 <= X9), Z9, 0) + IF(AND(H3 >= W10, H3 <= X10), Z10, 0)) ) -> 210 | M4: =$I$1+$K$1 -> 5.5 | N4: =L4*M4 -> 1155 | Q4: 옵션 - 3개 | R4: -20 | S4: 쇼핑 - 2회 | T4: -10 | V4: =서차지!B4 -> Singapore Formula One (F1) | W4: =서차지!C4 -> 45932 | X4: =서차지!D4 -> 45935 | Y4: =서차지!E4 -> 02 Oct - 05 Oct, 2025 | Z4: -2000 | AB4: ='25메인호텔'!F2 -> Momentus | AC4: ='25메인호텔'!G2 -> 190 | AD4: ='25메인호텔'!H2 -> 180
B5: 도착날짜 | C5: 45897 | D5: 3 | E5: =C5+D5 -> 45900 | H5: =H4+1 -> 45900 | N5: =L5*M5 -> 0 | Q5: 옵션 - 2개 | R5: 0 | S5: 쇼핑 - 1회 | T5: 0 | V5: =서차지!B5 -> ITB Asia | W5: =서차지!C5 -> 45944 | X5: =서차지!D5 -> 45947 | Y5: =서차지!E5 -> 23 - 25 October 2025 | Z5: -2000 | AB5: ='25메인호텔'!F3 -> Aloft Novena | AC5: ='25메인호텔'!G3 -> 180 | AD5: ='25메인호텔'!H3 -> 180
B6: 인당 지상비 (SGD) | C6: =(SUM(O10:O43)+O2)/C4+R6+T6 -> 1001.8727 | D6: 인당 지상비 (원화) | E6: =C6*$E$1 -> 1102060 | H6: =H5+1 -> 45901 | N6: =L6*M6 -> 0 | Q6: 옵션 - 0개 | R6: 5 | S6: 쇼핑 - 0회 | T6: 5 | V6: =서차지!B6 -> FHA-HoReCa | W6: =서차지!C6 -> 45950 | X6: =서차지!D6 -> 45953 | Y6: =서차지!E6 -> 0 | Z6: -2000 | AB6: ='25메인호텔'!F4 -> Mercure Stevens | AC6: ='25메인호텔'!G4 -> 180 | AD6: ='25메인호텔'!H4 -> 180
B7: 옵션 | C7: 5 | D7: 쇼핑 | E7: 0 | V7: =서차지!B7 -> FinTech 2025 | W7: =서차지!C7 -> 45972 | X7: =서차지!D7 -> 45974 | Y7: =서차지!E7 -> 0 | Z7: -2000 | AB7: ='25메인호텔'!F5 -> M Hotel City Centre | AC7: ='25메인호텔'!G5 -> 230 | AD7: ='25메인호텔'!H5 -> 230
G8: 입장료(항공) | I8: 식사비 | K8: 차량 | M8: 가이드 | O8: 총합계 | V8: =서차지!B8 -> Christmas Day | W8: =서차지!C8 -> 46015 | X8: =서차지!D8 -> 46016 | Y8: =서차지!E8 -> 0 | Z8: -2000 | AB8: ='25메인호텔'!F6 -> Concorde Hotel | AC8: ='25메인호텔'!G6 -> 230 | AD8: ='25메인호텔'!H6 -> 230
B9: SGD/WON | C9: =E1 -> 1100 | D9: SGD/MYR | E9: 3.5 | G9: 금액 | H9: 인원 | I9: 금액 | J9: 인원 | K9: 금액 | L9: 인원 | M9: 금액 | N9: 인원 | V9: =서차지!B9 -> Year End | W9: =서차지!C9 -> 46021 | X9: =서차지!D9 -> 46023 | Y9: =서차지!E9 -> 0 | Z9: -2000 | AB9: ='25메인호텔'!F7 -> Oasia Novena | AC9: ='25메인호텔'!G7 -> 210 | AD9: ='25메인호텔'!H7 -> 210
B10: =TEXT(C5,"m월 d일 aaaa") -> 8월 28일 목요일 | C10: 인천출발 - 싱가포르 도착 | E10: =상품리스트!F10 -> 0.98611111 | K10: =IF(C4+E4<8,'가이드&차량'!C43, IF(C4+E4<=14,'가이드&차량'!C35,'가이드&차량'!C19)) -> 200 | L10: 1 | M10: ='가이드&차량'!C3 -> 150 | N10: 1 | O10: =(G10*H10)+(I10*J10)+(K10*L10)+(M10*N10) -> 350 | V10: =서차지!B10 -> Year End | W10: =서차지!C10 -> 46022 | X10: =서차지!D10 -> 46022 | Y10: =서차지!E10 -> 0 | Z10: -2000 | AB10: ='25메인호텔'!F8 -> Orchid Hotel | AC10: ='25메인호텔'!G8 -> 220 | AD10: ='25메인호텔'!H8 -> 220
C11: 가이드 미팅 후 싱가포르 호텔 이동 | O11: =(G11*H11)+(I11*J11)+(K11*L11)+(M11*N11) -> 0 | V11: =서차지!B11 -> Singapore Airshow 2026 | W11: =서차지!C11 -> 46056 | X11: =서차지!D11 -> 46059 | Y11: =서차지!E11 -> 3 - 6 Feb 2026 | AB11: ='25메인호텔'!F9 -> Amara Singapore | AC11: ='25메인호텔'!G9 -> 230 | AD11: ='25메인호텔'!H9 -> 230
C12: 싱가포르 호텔 투숙 | O12: =(G12*H12)+(I12*J12)+(K12*L12)+(M12*N12) -> 0 | V12: =서차지!B13 -> Food & Hotel Beverage | W12: =서차지!C13 -> 0 | X12: =서차지!D13 -> 0 | Y12: =서차지!E13 -> 0 | AB12: ='25메인호텔'!F10 -> Orchard Hotel | AC12: ='25메인호텔'!G10 -> 240 | AD12: ='25메인호텔'!H10 -> 240
B13: =TEXT(C5+1,"m월 d일 aaaa") -> 8월 29일 금요일 | C13: 호텔 조식 후 가이드 미팅 | K13: =IF(C4+E4<8,'가이드&차량'!C47, IF(C4+E4<=14,'가이드&차량'!C39,'가이드&차량'!C23)) -> 530 | L13: =L10 -> 1 | M13: ='가이드&차량'!C6 -> 375 | N13: =N10 -> 1 | O13: =(G13*H13)+(I13*J13)+(K13*L13)+(M13*N13) -> 905 | Q13: 차량/가이드 10시간 기준 | V13: =서차지!B14 -> CommunicAsia | W13: =서차지!C14 -> 0 | X13: =서차지!D14 -> 0 | Y13: =서차지!E14 -> 0 | AB13: ='25메인호텔'!F11 -> Grand Copthorne | AC13: ='25메인호텔'!G11 -> 240 | AD13: ='25메인호텔'!H11 -> 240
C14: 보타닉가든+멀라이언파크 | O14: =(G14*H14)+(I14*J14)+(K14*L14)+(M14*N14) -> 0 | V14: =서차지!B15 -> National Day | W14: =서차지!C15 -> 0 | X14: =서차지!D15 -> 0 | Y14: =서차지!E15 -> 0 | AB14: ='25메인호텔'!F12 -> Mercure Tyrwhitt | AC14: ='25메인호텔'!G12 -> 170 | AD14: ='25메인호텔'!H12 -> 170
C15: (중식) 칠리크랩 - 레드하우스 | I15: =식사!E10 -> 45 | J15: =$C$4+$E$4 -> 11 | O15: =(G15*H15)+(I15*J15)+(K15*L15)+(M15*N15) -> 495 | AB15: ='25메인호텔'!F13 -> Hotel Boss | AC15: ='25메인호텔'!G13 -> 185 | AD15: ='25메인호텔'!H13 -> 185
C16: 리버원더스 (보트 불포함) | G16: =일정!E38 -> 23.5 | H16: =$C$4+$E$4 -> 11 | O16: =(G16*H16)+(I16*J16)+(K16*L16)+(M16*N16) -> 258.5 | AB16: ='25메인호텔'!F14 -> V Hotel Lavender | AC16: ='25메인호텔'!G14 -> 185 | AD16: ='25메인호텔'!H14 -> 185
C17: 차이나타운 | O17: =(G17*H17)+(I17*J17)+(K17*L17)+(M17*N17) -> 0 | AB17: ='25메인호텔'!F15 -> IbIs Novena | AC17: ='25메인호텔'!G15 -> 155 | AD17: ='25메인호텔'!H15 -> 155
C18: =일정!C27 -> 가든스바이더베이 2돔 ( 쥬랴기 ) | G18: =일정!E27 -> 28.3 | H18: =$C$4+$E$4 -> 11 | O18: =(G18*H18)+(I18*J18)+(K18*L18)+(M18*N18) -> 311.3 | AB18: ='25메인호텔'!F16 -> IbIs bencoolen | AC18: ='25메인호텔'!G16 -> 185 | AD18: ='25메인호텔'!H16 -> 185
C19: (석식) SBCD 두부하우스 | I19: =식사!E3 -> 25 | J19: =$C$4+$E$4 -> 11 | O19: =(G19*H19)+(I19*J19)+(K19*L19)+(M19*N19) -> 275 | AB19: ='25메인호텔'!F17 -> Oasia Sentosa | AC19: ='25메인호텔'!G17 -> 240 | AD19: ='25메인호텔'!H17 -> 240
C20: 슈퍼트리쇼 | O20: =(G20*H20)+(I20*J20)+(K20*L20)+(M20*N20) -> 0 | AB20: ='25메인호텔'!F18 -> Swissotel The stamford | AC20: ='25메인호텔'!G18 -> 540 | AD20: ='25메인호텔'!H18 -> 540 | AE20: ='25메인호텔'!#REF! -> #REF! | AF20: ='25메인호텔'!#REF! -> #REF!
C21: 호텔 복귀 휴식 및 취침 | O21: =(G21*H21)+(I21*J21)+(K21*L21)+(M21*N21) -> 0
B22: =TEXT(C5+2,"m월 d일 aaaa") -> 8월 30일 토요일 | C22: 호텔 조식 후 가이드 미팅 | K22: =IF(C4+E4<8,'가이드&차량'!C47, IF(C4+E4<=14,'가이드&차량'!C39,'가이드&차량'!C23)) -> 530 | L22: =L10 -> 1 | M22: ='가이드&차량'!C6 -> 375 | N22: =N10 -> 1 | O22: =(G22*H22)+(I22*J22)+(K22*L22)+(M22*N22) -> 905 | Q22: 차량/가이드 10시간 기준 | V22: =850*2*1080 -> 1836000
C23: 버드 파라다이스 | G23: =일정!E40 -> 24.5 | H23: =$C$4+$E$4 -> 11 | O23: =(G23*H23)+(I23*J23)+(K23*L23)+(M23*N23) -> 269.5
C24: (중식) 팽퀸 코브 뷔페 | I24: =식사!E36 -> 20 | J24: =$C$4+$E$4 -> 11 | O24: =(G24*H24)+(I24*J24)+(K24*L24)+(M24*N24) -> 220
C25: 오차드로드 + 에레랄드 힐 + 마리나베라지 | O25: =(G25*H25)+(I25*J25)+(K25*L25)+(M25*N25) -> 0
C26: (석식) 자유식 20 SGD | I26: 20 | J26: =$C$4+$E$4 -> 11 | O26: =(G26*H26)+(I26*J26)+(K26*L26)+(M26*N26) -> 220
C27: 식사 후 호텔 휴식 | O27: =(G27*H27)+(I27*J27)+(K27*L27)+(M27*N27) -> 0
B28: =TEXT(C5+3,"m월 d일 aaaa") -> 8월 31일 일요일 | C28: 호텔 조식 후 개별 체크아웃 | K28: =IF(C4+E4<8,'가이드&차량'!C47, IF(C4+E4<=14,'가이드&차량'!C39,'가이드&차량'!C23)) -> 530 | L28: =L10 -> 1 | M28: ='가이드&차량'!C6+'가이드&차량'!C3 -> 525 | N28: =N10 -> 1 | O28: =(G28*H28)+(I28*J28)+(K28*L28)+(M28*N28) -> 1055 | Q28: 차량/가이드 12시간 기준
C29: (중식) 송파 바쿠테 | I29: =식사!E19 -> 17 | J29: =$C$4+$E$4 -> 11 | O29: =(G29*H29)+(I29*J29)+(K29*L29)+(M29*N29) -> 187
C30: 센토사 섬 ( 케이블카 + 마담투소 +루지) | G30: =일정!E10+일정!E19+일정!E20 -> 76.3 | H30: =$C$4+$E$4 -> 11 | O30: =(G30*H30)+(I30*J30)+(K30*L30)+(M30*N30) -> 839.3
C31: 카야 토스트 세트 시식 | I31: =식사!E33 -> 10 | J31: =$C$4+$E$4 -> 11 | O31: =(G31*H31)+(I31*J31)+(K31*L31)+(M31*N31) -> 110
C32: 리틀인디아 + 아랍스트리트 + 하지래인 + 부기스스트리트 | O32: =(G32*H32)+(I32*J32)+(K32*L32)+(M32*N32) -> 0
C33: (석식) 아마라 씨푸드 뷔페 | I33: =식사!E41 -> 42 | J33: =$C$4+$E$4 -> 11 | O33: =(G33*H33)+(I33*J33)+(K33*L33)+(M33*N33) -> 462
C34: 공항 이동 후 출국 | E34: =상품리스트!I10 -> 0.048611111 | O34: =(G34*H34)+(I34*J34)+(K34*L34)+(M34*N34) -> 0
K35: =SUM(K10:K34) -> 1790 | M35: =SUM(M10:M34) -> 1425
B37: 기타비용 | C37: 기타 예비 비용 ( 1인 생수 등) | G37: =$C$4+$E$4 -> 11 | I37: 3 | K37: 1 | O37: =G37*I37*K37 -> 33
C38: 핸들링차지 | G38: 50 | K38: =C4 -> 11 | O38: =G38*K38 -> 550
B40: 포함 옵션 (싱가포르) | C40: 2층버스 | G40: 0 | I40: =일정!G24 -> 30 | K40: =$C$4+$E$4 -> 11 | O40: =G40*I40*K40 -> 0
C41: 리버보트 | G41: 0 | I41: =일정!G30 -> 28 | K41: =$C$4+$E$4 -> 11 | O41: =G41*I41*K41 -> 0
C42: 스카이파크 | G42: 0 | I42: =일정!G35 -> 36 | K42: =$C$4+$E$4 -> 11 | O42: =G42*I42*K42 -> 0
C43: 플라이어 | G43: 0 | I43: =일정!G29 -> 40 | K43: =$C$4+$E$4 -> 11 | O43: =G43*I43*K43 -> 0

Sheet 210SQD
A1: home | E1: ='가이드&차량'!B1 -> 1100 | G1: 호텔 | H1: 트윈/더블 | I1: =C4/2 -> 5.5 | J1: 싱글 | K1: 0 | L1: 금액 | M1: 룸넘버 | N1: 소계 | O1: 합계 | V1: * 서차지기간 확인필수 | AC1: 주중 | AD1: 주말
B2: 마스터코드 | C2: ASP210_SQB | H2: =C5 -> 45791 | J2: =AB2 -> Amara Singapore | L2: =IF( (IF(WEEKDAY(H2, 2) <= 5, AC2, AD2) + IF(AND(H2 >= W3, H2 <= X3), Z3, 0) + IF(AND(H2 >= W4, H2 <= X4), Z4, 0) + IF(AND(H2 >= W5, H2 <= X5), Z5, 0) + IF(AND(H2 >= W6, H2 <= X6), Z6, 0) + IF(AND(H2 >= W7, H2 <= X7), Z7, 0) + IF(AND(H2 >= W8, H2 <= X8), Z8, 0) + IF(AND(H2 >= W9, H2 <= X9), Z9, 0) + IF(AND(H2 >= W10, H2 <= X10), Z10, 0)) < 1, "Surcharge Check", (IF(WEEKDAY(H2, 2) <= 5, AC2, AD2) + IF(AND(H2 >= W3, H2 <= X3), Z3, 0) + IF(AND(H2 >= W4, H2 <= X4), Z4, 0) + IF(AND(H2 >= W5, H2 <= X5), Z5, 0) + IF(AND(H2 >= W6, H2 <= X6), Z6, 0) + IF(AND(H2 >= W7, H2 <= X7), Z7, 0) + IF(AND(H2 >= W8, H2 <= X8), Z8, 0) + IF(AND(H2 >= W9, H2 <= X9), Z9, 0) + IF(AND(H2 >= W10, H2 <= X10), Z10, 0)) ) -> 230 | M2: =$I$1+$K$1 -> 5.5 | N2: =L2*M2 -> 1265 | O2: =SUM(N2:N6) -> 3795 | Q2: 옵션 - 5개 | R2: -40 | S2: 쇼핑 - 4회 | T2: -30 | V2: EVENT | W2: 시작일 | X2: 마감일 | Y2: 실제 행사일 | AB2: Amara Singapore | AC2: 230 | AD2: 230
B3: 구분[여정] | C3: #버드파라다이스+뷔페 #루지 #마담투소 #리버원더스 | H3: =H2+1 -> 45792 | J3: =J2 -> Amara Singapore | L3: =IF( (IF(WEEKDAY(H3, 2) <= 5, AC2, AD2) + IF(AND(H3 >= W3, H3 <= X3), Z3, 0) + IF(AND(H3 >= W4, H3 <= X4), Z4, 0) + IF(AND(H3 >= W5, H3 <= X5), Z5, 0) + IF(AND(H3 >= W6, H3 <= X6), Z6, 0) + IF(AND(H3 >= W7, H3 <= X7), Z7, 0) + IF(AND(H3 >= W8, H3 <= X8), Z8, 0) + IF(AND(H3 >= W9, H3 <= X9), Z9, 0) + IF(AND(H3 >= W10, H3 <= X10), Z10, 0)) < 1, "Surcharge Check", (IF(WEEKDAY(H3, 2) <= 5, AC2, AD2) + IF(AND(H3 >= W3, H3 <= X3), Z3, 0) + IF(AND(H3 >= W4, H3 <= X4), Z4, 0) + IF(AND(H3 >= W5, H3 <= X5), Z5, 0) + IF(AND(H3 >= W6, H3 <= X6), Z6, 0) + IF(AND(H3 >= W7, H3 <= X7), Z7, 0) + IF(AND(H3 >= W8, H3 <= X8), Z8, 0) + IF(AND(H3 >= W9, H3 <= X9), Z9, 0) + IF(AND(H3 >= W10, H3 <= X10), Z10, 0)) ) -> 230 | M3: =$I$1+$K$1 -> 5.5 | N3: =L3*M3 -> 1265 | Q3: 옵션 - 4개 | R3: -30 | S3: 쇼핑 - 3회 | T3: -20 | V3: =서차지!B3 -> World Paralympic Swimming | W3: =서차지!C3 -> 45921 | X3: =서차지!D3 -> 45562 | Y3: =서차지!E3 -> 21 – 27 September 2025 | Z3: -2000
B4: 인원(손님) | C4: 11 | D4: 인원(FOC) | E4: 0 | H4: =H3+1 -> 45793 | J4: =J3 -> Amara Singapore | L4: =IF( (IF(WEEKDAY(H3, 2) <= 5, AC2, AD2) + IF(AND(H3 >= W3, H3 <= X3), Z3, 0) + IF(AND(H3 >= W4, H3 <= X4), Z4, 0) + IF(AND(H3 >= W5, H3 <= X5), Z5, 0) + IF(AND(H3 >= W6, H3 <= X6), Z6, 0) + IF(AND(H3 >= W7, H3 <= X7), Z7, 0) + IF(AND(H3 >= W8, H3 <= X8), Z8, 0) + IF(AND(H3 >= W9, H3 <= X9), Z9, 0) + IF(AND(H3 >= W10, H3 <= X10), Z10, 0)) < 1, "Surcharge Check", (IF(WEEKDAY(H3, 2) <= 5, AC2, AD2) + IF(AND(H3 >= W3, H3 <= X3), Z3, 0) + IF(AND(H3 >= W4, H3 <= X4), Z4, 0) + IF(AND(H3 >= W5, H3 <= X5), Z5, 0) + IF(AND(H3 >= W6, H3 <= X6), Z6, 0) + IF(AND(H3 >= W7, H3 <= X7), Z7, 0) + IF(AND(H3 >= W8, H3 <= X8), Z8, 0) + IF(AND(H3 >= W9, H3 <= X9), Z9, 0) + IF(AND(H3 >= W10, H3 <= X10), Z10, 0)) ) -> 230 | M4: =$I$1+$K$1 -> 5.5 | N4: =L4*M4 -> 1265 | Q4: 옵션 - 3개 | R4: -20 | S4: 쇼핑 - 2회 | T4: -10 | V4: =서차지!B4 -> Singapore Formula One (F1) | W4: =서차지!C4 -> 45932 | X4: =서차지!D4 -> 45935 | Y4: =서차지!E4 -> 02 Oct - 05 Oct, 2025 | Z4: -2000 | AB4: ='25메인호텔'!F2 -> Momentus | AC4: ='25메인호텔'!G2 -> 190 | AD4: ='25메인호텔'!H2 -> 180
B5: 도착날짜 | C5: 45791 | D5: 3 | E5: =C5+D5 -> 45794 | H5: =H4+1 -> 45794 | N5: =L5*M5 -> 0 | Q5: 옵션 - 2개 | R5: 0 | S5: 쇼핑 - 1회 | T5: 0 | V5: =서차지!B5 -> ITB Asia | W5: =서차지!C5 -> 45944 | X5: =서차지!D5 -> 45947 | Y5: =서차지!E5 -> 23 - 25 October 2025 | Z5: -2000 | AB5: ='25메인호텔'!F3 -> Aloft Novena | AC5: ='25메인호텔'!G3 -> 180 | AD5: ='25메인호텔'!H3 -> 180
B6: 인당 지상비 (SGD) | C6: =(SUM(O10:O44)+O2)/C4+R2+T6 -> 990.87273 | D6: 인당 지상비 (원화) | E6: =C6*$E$1 -> 1089960 | H6: =H5+1 -> 45795 | N6: =L6*M6 -> 0 | Q6: 옵션 - 0개 | R6: 5 | S6: 쇼핑 - 0회 | T6: 5 | V6: =서차지!B6 -> FHA-HoReCa | W6: =서차지!C6 -> 45950 | X6: =서차지!D6 -> 45953 | Y6: =서차지!E6 -> 0 | Z6: -2000 | AB6: ='25메인호텔'!F4 -> Mercure Stevens | AC6: ='25메인호텔'!G4 -> 180 | AD6: ='25메인호텔'!H4 -> 180
B7: 옵션 | C7: 5 | D7: 쇼핑 | E7: 0 | V7: =서차지!B7 -> FinTech 2025 | W7: =서차지!C7 -> 45972 | X7: =서차지!D7 -> 45974 | Y7: =서차지!E7 -> 0 | Z7: -2000 | AB7: ='25메인호텔'!F5 -> M Hotel City Centre | AC7: ='25메인호텔'!G5 -> 230 | AD7: ='25메인호텔'!H5 -> 230
G8: 입장료(항공) | I8: 식사비 | K8: 차량 | M8: 가이드 | O8: 총합계 | V8: =서차지!B8 -> Christmas Day | W8: =서차지!C8 -> 46015 | X8: =서차지!D8 -> 46016 | Y8: =서차지!E8 -> 0 | Z8: -2000 | AB8: ='25메인호텔'!F6 -> Concorde Hotel | AC8: ='25메인호텔'!G6 -> 230 | AD8: ='25메인호텔'!H6 -> 230
B9: SGD/WON | C9: =E1 -> 1100 | D9: SGD/MYR | E9: 3.5 | G9: 금액 | H9: 인원 | I9: 금액 | J9: 인원 | K9: 금액 | L9: 인원 | M9: 금액 | N9: 인원 | V9: =서차지!B9 -> Year End | W9: =서차지!C9 -> 46021 | X9: =서차지!D9 -> 46023 | Y9: =서차지!E9 -> 0 | Z9: -2000 | AB9: ='25메인호텔'!F7 -> Oasia Novena | AC9: ='25메인호텔'!G7 -> 210 | AD9: ='25메인호텔'!H7 -> 210
B10: =TEXT(C5,"m월 d일 aaaa") -> 5월 14일 수요일 | C10: 인천출발 - 싱가포르 도착 | E10: =상품리스트!F11 -> 0.59722222 | K10: =IF(C4+E4<8,'가이드&차량'!C43, IF(C4+E4<=14,'가이드&차량'!C35,'가이드&차량'!C19)) -> 200 | L10: 1 | M10: ='가이드&차량'!C3 -> 150 | N10: 1 | O10: =(G10*H10)+(I10*J10)+(K10*L10)+(M10*N10) -> 350 | V10: =서차지!B10 -> Year End | W10: =서차지!C10 -> 46022 | X10: =서차지!D10 -> 46022 | Y10: =서차지!E10 -> 0 | Z10: -2000 | AB10: ='25메인호텔'!F8 -> Orchid Hotel | AC10: ='25메인호텔'!G8 -> 220 | AD10: ='25메인호텔'!H8 -> 220
C11: 가이드 미팅 후 싱가포르 호텔 이동 | O11: =(G11*H11)+(I11*J11)+(K11*L11)+(M11*N11) -> 0 | V11: =서차지!B11 -> Singapore Airshow 2026 | W11: =서차지!C11 -> 46056 | X11: =서차지!D11 -> 46059 | Y11: =서차지!E11 -> 3 - 6 Feb 2026 | AB11: ='25메인호텔'!F9 -> Amara Singapore | AC11: ='25메인호텔'!G9 -> 230 | AD11: ='25메인호텔'!H9 -> 230
C12: (석식) 한식 - 고기집 | I12: =식사!E15 -> 18 | J12: =$C$4+$E$4 -> 11 | O12: =(G12*H12)+(I12*J12)+(K12*L12)+(M12*N12) -> 198 | V12: =서차지!B13 -> Food & Hotel Beverage | W12: =서차지!C13 -> 0 | X12: =서차지!D13 -> 0 | Y12: =서차지!E13 -> 0 | AB12: ='25메인호텔'!F10 -> Orchard Hotel | AC12: ='25메인호텔'!G10 -> 240 | AD12: ='25메인호텔'!H10 -> 240
C13: 싱가포르 호텔 투숙 | O13: =(G13*H13)+(I13*J13)+(K13*L13)+(M13*N13) -> 0 | V13: =서차지!B14 -> CommunicAsia | W13: =서차지!C14 -> 0 | X13: =서차지!D14 -> 0 | Y13: =서차지!E14 -> 0 | AB13: ='25메인호텔'!F11 -> Grand Copthorne | AC13: ='25메인호텔'!G11 -> 240 | AD13: ='25메인호텔'!H11 -> 240
B14: =TEXT(C5+1,"m월 d일 aaaa") -> 5월 15일 목요일 | C14: 호텔 조식 후 가이드 미팅 | K14: =IF(C4+E4<8,'가이드&차량'!C47, IF(C4+E4<=14,'가이드&차량'!C39,'가이드&차량'!C23)) -> 530 | L14: =L10 -> 1 | M14: ='가이드&차량'!C6 -> 375 | N14: =N10 -> 1 | O14: =(G14*H14)+(I14*J14)+(K14*L14)+(M14*N14) -> 905 | Q14: 차량/가이드 10시간 기준 | V14: =서차지!B15 -> National Day | W14: =서차지!C15 -> 0 | X14: =서차지!D15 -> 0 | Y14: =서차지!E15 -> 0 | AB14: ='25메인호텔'!F12 -> Mercure Tyrwhitt | AC14: ='25메인호텔'!G12 -> 170 | AD14: ='25메인호텔'!H12 -> 170
C15: 보타닉가든+멀라이언파크 | O15: =(G15*H15)+(I15*J15)+(K15*L15)+(M15*N15) -> 0 | AB15: ='25메인호텔'!F13 -> Hotel Boss | AC15: ='25메인호텔'!G13 -> 185 | AD15: ='25메인호텔'!H13 -> 185
C16: (중식) 칠리크랩 - 지엔 | I16: =IF(C4+E4<10,식사!E27,식사!E28) -> 35 | J16: =$C$4+$E$4 -> 11 | O16: =(G16*H16)+(I16*J16)+(K16*L16)+(M16*N16) -> 385 | AB16: ='25메인호텔'!F14 -> V Hotel Lavender | AC16: ='25메인호텔'!G14 -> 185 | AD16: ='25메인호텔'!H14 -> 185
C17: 리버원더스 (보트 불포함) | G17: =일정!E38 -> 23.5 | H17: =$C$4+$E$4 -> 11 | O17: =(G17*H17)+(I17*J17)+(K17*L17)+(M17*N17) -> 258.5 | AB17: ='25메인호텔'!F15 -> IbIs Novena | AC17: ='25메인호텔'!G15 -> 155 | AD17: ='25메인호텔'!H15 -> 155
C18: 차이나타운 | O18: =(G18*H18)+(I18*J18)+(K18*L18)+(M18*N18) -> 0 | AB18: ='25메인호텔'!F16 -> IbIs bencoolen | AC18: ='25메인호텔'!G16 -> 185 | AD18: ='25메인호텔'!H16 -> 185
C19: =일정!C27 -> 가든스바이더베이 2돔 ( 쥬랴기 ) | G19: =일정!E27 -> 28.3 | H19: =$C$4+$E$4 -> 11 | O19: =(G19*H19)+(I19*J19)+(K19*L19)+(M19*N19) -> 311.3 | AB19: ='25메인호텔'!F17 -> Oasia Sentosa | AC19: ='25메인호텔'!G17 -> 240 | AD19: ='25메인호텔'!H17 -> 240
C20: (석식) SBCD 두부하우스 | I20: =식사!E3 -> 25 | J20: =$C$4+$E$4 -> 11 | O20: =(G20*H20)+(I20*J20)+(K20*L20)+(M20*N20) -> 275 | AB20: ='25메인호텔'!F18 -> Swissotel The stamford | AC20: ='25메인호텔'!G18 -> 540 | AD20: ='25메인호텔'!H18 -> 540 | AE20: ='25메인호텔'!#REF! -> #REF! | AF20: ='25메인호텔'!#REF! -> #REF!
C21: 슈퍼트리쇼 | O21: =(G21*H21)+(I21*J21)+(K21*L21)+(M21*N21) -> 0
C22: 호텔 복귀 휴식 및 취침 | O22: =(G22*H22)+(I22*J22)+(K22*L22)+(M22*N22) -> 0
B23: =TEXT(C5+2,"m월 d일 aaaa") -> 5월 16일 금요일 | C23: 호텔 조식 후 가이드 미팅 | K23: =IF(C4+E4<8,'가이드&차량'!C47, IF(C4+E4<=14,'가이드&차량'!C39,'가이드&차량'!C23)) -> 530 | L23: =L10 -> 1 | M23: ='가이드&차량'!C6 -> 375 | N23: =N10 -> 1 | O23: =(G23*H23)+(I23*J23)+(K23*L23)+(M23*N23) -> 905 | Q23: 차량/가이드 10시간 기준
C24: 버드 파라다이스 | G24: =일정!E40 -> 24.5 | H24: =$C$4+$E$4 -> 11 | O24: =(G24*H24)+(I24*J24)+(K24*L24)+(M24*N24) -> 269.5
C25: (중식) 팽퀸 코브 뷔페 | I25: =식사!E36 -> 20 | J25: =$C$4+$E$4 -> 11 | O25: =(G25*H25)+(I25*J25)+(K25*L25)+(M25*N25) -> 220
C26: 오차드로드 + 에레랄드 힐 + 마리나베라지 | O26: =(G26*H26)+(I26*J26)+(K26*L26)+(M26*N26) -> 0
C27: (석식) 자유식 20 SGD | I27: 20 | J27: =$C$4+$E$4 -> 11 | O27: =(G27*H27)+(I27*J27)+(K27*L27)+(M27*N27) -> 220
C28: 식사 후 호텔 휴식 | O28: =(G28*H28)+(I28*J28)+(K28*L28)+(M28*N28) -> 0
B29: =TEXT(C5+3,"m월 d일 aaaa") -> 5월 17일 토요일 | C29: 호텔 조식 후 개별 체크아웃 | K29: =IF(C4+E4<8,'가이드&차량'!C47, IF(C4+E4<=14,'가이드&차량'!C39,'가이드&차량'!C23)) -> 530 | L29: =L10 -> 1 | M29: ='가이드&차량'!C6+'가이드&차량'!C3 -> 525 | N29: =N10 -> 1 | O29: =(G29*H29)+(I29*J29)+(K29*L29)+(M29*N29) -> 1055 | Q29: 차량/가이드 12시간 기준
C30: (중식) 송파 바쿠테 | I30: =식사!E19 -> 17 | J30: =$C$4+$E$4 -> 11 | O30: =(G30*H30)+(I30*J30)+(K30*L30)+(M30*N30) -> 187
C31: 센토사 섬 ( 케이블카 + 마담투소 +루지) | G31: =일정!E10+일정!E19+일정!E20 -> 76.3 | H31: =$C$4+$E$4 -> 11 | O31: =(G31*H31)+(I31*J31)+(K31*L31)+(M31*N31) -> 839.3
C32: 카야 토스트 세트 시식 | I32: =식사!E33 -> 10 | J32: =$C$4+$E$4 -> 11 | O32: =(G32*H32)+(I32*J32)+(K32*L32)+(M32*N32) -> 110
C33: 리틀인디아 + 아랍스트리트 + 하지래인 + 부기스스트리트 | O33: =(G33*H33)+(I33*J33)+(K33*L33)+(M33*N33) -> 0
C34: (석식) 아마라 씨푸드 뷔페 | I34: 38 | J34: =$C$4+$E$4 -> 11 | O34: =(G34*H34)+(I34*J34)+(K34*L34)+(M34*N34) -> 418
C35: 공항 이동 후 출국 | E35: =상품리스트!I11 -> 0.0069444444 | O35: =(G35*H35)+(I35*J35)+(K35*L35)+(M35*N35) -> 0
K36: =SUM(K10:K35) -> 1790 | M36: =SUM(M10:M35) -> 1425
B38: 기타비용 | C38: 기타 예비 비용 ( 1인 생수 등) | G38: =$C$4+$E$4 -> 11 | I38: 3 | K38: 1 | O38: =G38*I38*K38 -> 33
C39: 핸들링차지 | G39: 50 | K39: =C4 -> 11 | O39: =G39*K39 -> 550
B41: 포함 옵션 (싱가포르) | C41: 2층버스 | G41: 0 | I41: =일정!G24 -> 30 | K41: =$C$4+$E$4 -> 11 | O41: =G41*I41*K41 -> 0
C42: 리버보트 | G42: 0 | I42: =일정!G30 -> 28 | K42: =$C$4+$E$4 -> 11 | O42: =G42*I42*K42 -> 0
C43: 스카이파크 | G43: 0 | I43: =일정!G35 -> 36 | K43: =$C$4+$E$4 -> 11 | O43: =G43*I43*K43 -> 0
C44: 플라이어 | I44: =일정!G29 -> 40 | K44: =$C$4+$E$4 -> 11 | O44: =G44*I44*K44 -> 0

Sheet 212OZD
A1: home | E1: ='가이드&차량'!B1 -> 1100 | G1: 호텔 | H1: 트윈/더블 | I1: =C4/2 -> 2 | J1: 싱글 | K1: 0 | L1: 금액 | M1: 룸넘버 | N1: 소계 | O1: 합계 | V1: * 서차지기간 확인필수 | AC1: 주중 | AD1: 주말
B2: 마스터코드 | C2: ASP212_OZD | H2: =C5 -> 45732 | J2: =AB2 -> Momentus | L2: =IF( (IF(WEEKDAY(H2, 2) <= 5, AC2, AD2) + IF(AND(H2 >= W3, H2 <= X3), Z3, 0) + IF(AND(H2 >= W4, H2 <= X4), Z4, 0) + IF(AND(H2 >= W5, H2 <= X5), Z5, 0) + IF(AND(H2 >= W6, H2 <= X6), Z6, 0) + IF(AND(H2 >= W7, H2 <= X7), Z7, 0) + IF(AND(H2 >= W8, H2 <= X8), Z8, 0) + IF(AND(H2 >= W9, H2 <= X9), Z9, 0) + IF(AND(H2 >= W10, H2 <= X10), Z10, 0)) < 1, "Surcharge Check", (IF(WEEKDAY(H2, 2) <= 5, AC2, AD2) + IF(AND(H2 >= W3, H2 <= X3), Z3, 0) + IF(AND(H2 >= W4, H2 <= X4), Z4, 0) + IF(AND(H2 >= W5, H2 <= X5), Z5, 0) + IF(AND(H2 >= W6, H2 <= X6), Z6, 0) + IF(AND(H2 >= W7, H2 <= X7), Z7, 0) + IF(AND(H2 >= W8, H2 <= X8), Z8, 0) + IF(AND(H2 >= W9, H2 <= X9), Z9, 0) + IF(AND(H2 >= W10, H2 <= X10), Z10, 0)) ) -> 180 | M2: =$I$1+$K$1 -> 2 | N2: =L2*M2 -> 360 | O2: =SUM(N2:N6) -> 1120 | Q2: 옵션 - 5개 | R2: -40 | S2: 쇼핑 - 4회 | T2: -30 | V2: EVENT | W2: 시작일 | X2: 마감일 | Y2: 실제 행사일 | AB2: Momentus | AC2: 190 | AD2: 180
B3: 구분[여정] | C3: #1일자유 #리버원더스 #버드+뷔페 #루지+마담투소 | H3: =H2+1 -> 45733 | J3: =J2 -> Momentus | L3: =IF( (IF(WEEKDAY(H3, 2) <= 5, AC2, AD2) + IF(AND(H3 >= W3, H3 <= X3), Z3, 0) + IF(AND(H3 >= W4, H3 <= X4), Z4, 0) + IF(AND(H3 >= W5, H3 <= X5), Z5, 0) + IF(AND(H3 >= W6, H3 <= X6), Z6, 0) + IF(AND(H3 >= W7, H3 <= X7), Z7, 0) + IF(AND(H3 >= W8, H3 <= X8), Z8, 0) + IF(AND(H3 >= W9, H3 <= X9), Z9, 0) + IF(AND(H3 >= W10, H3 <= X10), Z10, 0)) < 1, "Surcharge Check", (IF(WEEKDAY(H3, 2) <= 5, AC2, AD2) + IF(AND(H3 >= W3, H3 <= X3), Z3, 0) + IF(AND(H3 >= W4, H3 <= X4), Z4, 0) + IF(AND(H3 >= W5, H3 <= X5), Z5, 0) + IF(AND(H3 >= W6, H3 <= X6), Z6, 0) + IF(AND(H3 >= W7, H3 <= X7), Z7, 0) + IF(AND(H3 >= W8, H3 <= X8), Z8, 0) + IF(AND(H3 >= W9, H3 <= X9), Z9, 0) + IF(AND(H3 >= W10, H3 <= X10), Z10, 0)) ) -> 190 | M3: =$I$1+$K$1 -> 2 | N3: =L3*M3 -> 380 | Q3: 옵션 - 4개 | R3: -30 | S3: 쇼핑 - 3회 | T3: -20 | V3: =서차지!B3 -> World Paralympic Swimming | W3: =서차지!C3 -> 45921 | X3: =서차지!D3 -> 45562 | Y3: =서차지!E3 -> 21 – 27 September 2025 | Z3: -2000
B4: 인원(손님) | C4: 4 | D4: 인원(FOC) | E4: 0 | H4: =H3+1 -> 45734 | J4: =J2 -> Momentus | L4: =IF( (IF(WEEKDAY(H3,2)<=5,AC2,AD2)+ IF(AND(H3>=W3,H3<=X3),Z3,0)+ IF(AND(H3>=W4,H3<=X4),Z4,0)+ IF(AND(H3>=W5,H3<=X5),Z5,0)+ IF(AND(H3>=W6,H3<=X6),Z6,0)+ IF(AND(H3>=W7,H3<=X7),Z7,0)+ IF(AND(H3>=W8,H3<=X8),Z8,0)+ IF(AND(H3>=W9,H3<=X9),Z9,0)+ IF(AND(H3>=W10,H3<=X10),Z10,0))<1, "Surcharge Check", (IF(WEEKDAY(H3,2)<=5,AC2,AD2)+ IF(AND(H3>=W3,H3<=X3),Z3,0)+ IF(AND(H3>=W4,H3<=X4),Z4,0)+ IF(AND(H3>=W5,H3<=X5),Z5,0)+ IF(AND(H3>=W6,H3<=X6),Z6,0)+ IF(AND(H3>=W7,H3<=X7),Z7,0)+ IF(AND(H3>=W8,H3<=X8),Z8,0)+ IF(AND(H3>=W9,H3<=X9),Z9,0)+ IF(AND(H3>=W10,H3<=X10),Z10,0)) ) -> 190 | M4: =$I$1+$K$1 -> 2 | N4: =L4*M4 -> 380 | Q4: 옵션 - 3개 | R4: -20 | S4: 쇼핑 - 2회 | T4: -10 | V4: =서차지!B4 -> Singapore Formula One (F1) | W4: =서차지!C4 -> 45932 | X4: =서차지!D4 -> 45935 | Y4: =서차지!E4 -> 02 Oct - 05 Oct, 2025 | Z4: -2000 | AB4: Momentus | AC4: 190 | AD4: 180
B5: 도착날짜 | C5: 45732 | D5: 3 | E5: =C5+D5 -> 45735 | Q5: 옵션 - 2개 | R5: 0 | S5: 쇼핑 - 1회 | T5: 0 | V5: =서차지!B5 -> ITB Asia | W5: =서차지!C5 -> 45944 | X5: =서차지!D5 -> 45947 | Y5: =서차지!E5 -> 23 - 25 October 2025 | Z5: -2000 | AB5: Aloft Novena | AC5: 180 | AD5: 180
B6: 인당 지상비 (SGD) | C6: =(SUM(O10:O46)+O2)/C4+R3+T5 -> 1126.6 | D6: 인당 지상비 (원화) | E6: =C6*$E$1 -> 1239260 | Q6: 옵션 - 0개 | R6: 5 | S6: 쇼핑 - 0회 | T6: 5 | V6: =서차지!B6 -> FHA-HoReCa | W6: =서차지!C6 -> 45950 | X6: =서차지!D6 -> 45953 | Y6: =서차지!E6 -> 0 | Z6: -2000 | AB6: Mercure Stevens | AC6: 195 | AD6: 195
B7: 옵션 | C7: 3 | D7: 쇼핑 | E7: 0 | V7: =서차지!B7 -> FinTech 2025 | W7: =서차지!C7 -> 45972 | X7: =서차지!D7 -> 45974 | Y7: =서차지!E7 -> 0 | Z7: -2000 | AB7: M Hotel City Centre | AC7: 210 | AD7: 210
G8: 입장료(항공) | I8: 식사비 | K8: 차량 | M8: 가이드 | O8: 총합계 | V8: =서차지!B8 -> Christmas Day | W8: =서차지!C8 -> 46015 | X8: =서차지!D8 -> 46016 | Y8: =서차지!E8 -> 0 | Z8: -2000 | AB8: Concorde Hotel | AC8: 230 | AD8: 230
B9: SGD/WON | C9: =E1 -> 1100 | D9: SGD/MYR | E9: 3.5 | G9: 금액 | H9: 인원 | I9: 금액 | J9: 인원 | K9: 금액 | L9: 인원 | M9: 금액 | N9: 인원 | V9: =서차지!B9 -> Year End | W9: =서차지!C9 -> 46021 | X9: =서차지!D9 -> 46023 | Y9: =서차지!E9 -> 0 | Z9: -2000 | AB9: Oasia Novena | AC9: 225 | AD9: 225
B10: =TEXT(C5,"m월 d일 aaaa") -> 3월 16일 일요일 | C10: 인천출발 - 싱가포르 도착 | E10: =상품리스트!F25 -> 0.91319444 | K10: =IF(C4+E4<8,'가이드&차량'!C43, IF(C4+E4<=14,'가이드&차량'!C35,'가이드&차량'!C19)) -> 120 | L10: 1 | M10: ='가이드&차량'!C3 -> 150 | N10: 1 | O10: =(G10*H10)+(I10*J10)+(K10*L10)+(M10*N10) -> 270 | V10: =서차지!B10 -> Year End | W10: =서차지!C10 -> 46022 | X10: =서차지!D10 -> 46022 | Y10: =서차지!E10 -> 0 | Z10: -2000 | AB10: Orchid Hotel | AC10: 220 | AD10: 220
C11: 가이드 미팅 후 싱가포르 호텔 이동 | O11: =(G11*H11)+(I11*J11)+(K11*L11)+(M11*N11) -> 0 | V11: =서차지!B11 -> Singapore Airshow 2026 | W11: =서차지!C11 -> 46056 | X11: =서차지!D11 -> 46059 | Y11: =서차지!E11 -> 3 - 6 Feb 2026 | AB11: Amara Singapore | AC11: 230 | AD11: 230
C12: 싱가포르 호텔 투숙 | O12: =(G12*H12)+(I12*J12)+(K12*L12)+(M12*N12) -> 0 | V12: =서차지!B12 -> Chinese New Year | W12: =서차지!C12 -> 46069 | X12: =서차지!D12 -> 46077 | Y12: =서차지!E12 -> 16 - 24 Feb 2026 | AB12: Orchard Hotel | AC12: 240 | AD12: 240
B13: =TEXT(C5+1,"m월 d일 aaaa") -> 3월 17일 월요일 | C13: 호텔 조식 후 가이드 미팅 | K13: =IF(C4+E4<8,'가이드&차량'!C47, IF(C4+E4<=14,'가이드&차량'!C39,'가이드&차량'!C23)) -> 430 | L13: =L10 -> 1 | M13: ='가이드&차량'!C6 -> 375 | N13: =N10 -> 1 | O13: =(G13*H13)+(I13*J13)+(K13*L13)+(M13*N13) -> 805 | Q13: 차량/가이드 10시간 기준 | V13: =서차지!B13 -> Food & Hotel Beverage | W13: =서차지!C13 -> 0 | X13: =서차지!D13 -> 0 | Y13: =서차지!E13 -> 0 | AB13: Grand Copthorne | AC13: 240 | AD13: 240
C14: 보타닉가든+멀라이언파크 | O14: =(G14*H14)+(I14*J14)+(K14*L14)+(M14*N14) -> 0 | V14: =서차지!B14 -> CommunicAsia | W14: =서차지!C14 -> 0 | X14: =서차지!D14 -> 0 | Y14: =서차지!E14 -> 0 | AB14: Mercure Tyrwhitt | AC14: 170 | AD14: 170
C15: (중식) 칠리크랩 - 지엔 | I15: =IF(C4+E4<10,식사!E27,식사!E28) -> 45 | J15: =$C$4+$E$4 -> 4 | O15: =(G15*H15)+(I15*J15)+(K15*L15)+(M15*N15) -> 180 | V15: =서차지!B15 -> National Day | W15: =서차지!C15 -> 0 | X15: =서차지!D15 -> 0 | Y15: =서차지!E15 -> 0 | AB15: Hotel Boss | AC15: 185 | AD15: 185
C16: 리버원더스 | G16: =일정!E38 -> 23.5 | H16: =$C$4+$E$4 -> 4 | O16: =(G16*H16)+(I16*J16)+(K16*L16)+(M16*N16) -> 94 | AB16: V Hotel Lavender | AC16: 185 | AD16: 185
C17: 차이나타운 | O17: =(G17*H17)+(I17*J17)+(K17*L17)+(M17*N17) -> 0 | AB17: IbIs Novena | AC17: 155 | AD17: 155
C18: =일정!C27 -> 가든스바이더베이 2돔 ( 쥬랴기 ) | G18: 37.3 | H18: =$C$4+$E$4 -> 4 | O18: =(G18*H18)+(I18*J18)+(K18*L18)+(M18*N18) -> 149.2 | AB18: IbIs bencoolen | AC18: 185 | AD18: 185
C19: (석식) 스팀보트 : 고로고로 | I19: =식사!E7 -> 18 | J19: =$C$4+$E$4 -> 4 | O19: =(G19*H19)+(I19*J19)+(K19*L19)+(M19*N19) -> 72 | AB19: Oasia Sentosa | AC19: 280 | AD19: 280
C20: 슈퍼트리쇼 | O20: =(G20*H20)+(I20*J20)+(K20*L20)+(M20*N20) -> 0 | AB20: Swissotel The stamford | AC20: 366 | AD20: 366
C21: 호텔 복귀 휴식 및 취침 | O21: =(G21*H21)+(I21*J21)+(K21*L21)+(M21*N21) -> 0
B22: =TEXT(C5+2,"m월 d일 aaaa") -> 3월 18일 화요일 | C22: 자유일정 | O22: =(G22*H22)+(I22*J22)+(K22*L22)+(M22*N22) -> 0 | Q22: 차량/가이드 10시간 기준
O23: =(G23*H23)+(I23*J23)+(K23*L23)+(M23*N23) -> 0
O24: =(G24*H24)+(I24*J24)+(K24*L24)+(M24*N24) -> 0
O25: =(G25*H25)+(I25*J25)+(K25*L25)+(M25*N25) -> 0
O26: =(G26*H26)+(I26*J26)+(K26*L26)+(M26*N26) -> 0
O27: =(G27*H27)+(I27*J27)+(K27*L27)+(M27*N27) -> 0
O28: =(G28*H28)+(I28*J28)+(K28*L28)+(M28*N28) -> 0
B29: =TEXT(C5+3,"m월 d일 aaaa") -> 3월 19일 수요일 | C29: 호텔 조식 후 개별 체크아웃 | K29: =IF(C4+E4<8,'가이드&차량'!C47, IF(C4+E4<=14,'가이드&차량'!C39,'가이드&차량'!C23)) -> 430 | L29: =L10 -> 1 | M29: ='가이드&차량'!C6+'가이드&차량'!C3 -> 525 | N29: =N10 -> 1 | O29: =(G29*H29)+(I29*J29)+(K29*L29)+(M29*N29) -> 955 | Q29: 차량/가이드 12시간 기준
C30: 오전 자유시간 후 가이드 미팅 | O30: =(G30*H30)+(I30*J30)+(K30*L30)+(M30*N30) -> 0
C31: (중식) 송파 바쿠테 - 로컬 | I31: =식사!E19 -> 17 | J31: =$C$4+$E$4 -> 4 | O31: =(G31*H31)+(I31*J31)+(K31*L31)+(M31*N31) -> 68
C32: 센토사 섬 ( 케이블카 + 루지 + 마담투소 ) | G32: =일정!E10+일정!E20+일정!E19 -> 76.3 | H32: =$C$4+$E$4 -> 4 | O32: =(G32*H32)+(I32*J32)+(K32*L32)+(M32*N32) -> 305.2
C33: 카야 토스트 세트 시식 | I33: =식사!E33 -> 10 | J33: =$C$4+$E$4 -> 4 | O33: =(G33*H33)+(I33*J33)+(K33*L33)+(M33*N33) -> 40
C34: 리틀 인디아 + 아랍스트리트 + 하지레인 + 부기스 시장 | O34: =(G34*H34)+(I34*J34)+(K34*L34)+(M34*N34) -> 0
C35: (석식) SBCD 두부하우스 | I35: =식사!E3 -> 25 | J35: =$C$4+$E$4 -> 4 | O35: =(G35*H35)+(I35*J35)+(K35*L35)+(M35*N35) -> 100
C36: 식사 후 공항이동 | E36: =상품리스트!I25 -> 0.97916667 | O36: =(G36*H36)+(I36*J36)+(K36*L36)+(M36*N36) -> 0
K37: =SUM(K10:K36) -> 980 | M37: =SUM(M10:M36) -> 1050
B39: 기타비용 | C39: 기타 예비 비용 ( 1인 생수 등) | G39: =$C$4+$E$4 -> 4 | I39: 3 | K39: 1 | O39: =G39*I39*K39 -> 12
C40: 핸들링차지 | G40: 50 | K40: =C4 -> 4 | O40: =G40*K40 -> 200
B42: 포함 옵션 (싱가포르) | C42: 2층버스 | I42: =일정!G24 -> 30 | K42: =C4 -> 4 | O42: =G42*I42*K42 -> 0
C43: 리버보트 | G43: 1 | I43: =일정!G30 -> 28 | K43: =C4 -> 4 | O43: =G43*I43*K43 -> 112
C44: 스카이파크 | G44: 1 | I44: =일정!G35 -> 36 | K44: =C4 -> 4 | O44: =G44*I44*K44 -> 144
C45: 윙스오브타임 | I45: =일정!G13 -> 19 | K45: =C4 -> 4 | O45: =G45*I45*K45 -> 0
C46: 플라이어 | I46: =일정!G29 -> 40 | K46: =C4 -> 4 | O46: =G46*I46*K46 -> 0

Sheet 211SQC
A1: home | E1: ='가이드&차량'!B1 -> 1100 | G1: 호텔 | H1: 트윈/더블 | I1: =C4/2 -> 5 | J1: 싱글 | K1: 0 | L1: 금액 | M1: 룸넘버 | N1: 소계 | O1: 합계 | V1: * 서차지기간 확인필수 | AC1: 주중 | AD1: 주말
B2: 마스터코드 | C2: ASP211_SQC | H2: =C5 -> 45946 | J2: =AB2 -> Mercure Stevens | L2: =IF( (IF(WEEKDAY(H2, 2) <= 5, AC2, AD2) + IF(AND(H2 >= W3, H2 <= X3), Z3, 0) + IF(AND(H2 >= W4, H2 <= X4), Z4, 0) + IF(AND(H2 >= W5, H2 <= X5), Z5, 0) + IF(AND(H2 >= W6, H2 <= X6), Z6, 0) + IF(AND(H2 >= W7, H2 <= X7), Z7, 0) + IF(AND(H2 >= W8, H2 <= X8), Z8, 0) + IF(AND(H2 >= W9, H2 <= X9), Z9, 0) + IF(AND(H2 >= W10, H2 <= X10), Z10, 0)) < 1, "Surcharge Check", (IF(WEEKDAY(H2, 2) <= 5, AC2, AD2) + IF(AND(H2 >= W3, H2 <= X3), Z3, 0) + IF(AND(H2 >= W4, H2 <= X4), Z4, 0) + IF(AND(H2 >= W5, H2 <= X5), Z5, 0) + IF(AND(H2 >= W6, H2 <= X6), Z6, 0) + IF(AND(H2 >= W7, H2 <= X7), Z7, 0) + IF(AND(H2 >= W8, H2 <= X8), Z8, 0) + IF(AND(H2 >= W9, H2 <= X9), Z9, 0) + IF(AND(H2 >= W10, H2 <= X10), Z10, 0)) ) -> Surcharge Check | M2: =$I$1+$K$1 -> 5 | N2: =L2*M2 -> #VALUE! | O2: =SUM(N2:N6) -> #VALUE! | Q2: 옵션 - 5개 | R2: -40 | S2: 쇼핑 - 4회 | T2: -30 | V2: EVENT | W2: 시작일 | X2: 마감일 | Y2: 실제 행사일 | AB2: Mercure Stevens | AC2: 180 | AD2: 180
B3: 구분[여정] | C3: #전일관광 #에메랄드힐 #센토사섬 #슈퍼트리쇼 | H3: =H2+1 -> 45947 | J3: =J2 -> Mercure Stevens | L3: =IF( (IF(WEEKDAY(H3, 2) <= 5, AC2, AD2) + IF(AND(H3 >= W3, H3 <= X3), Z3, 0) + IF(AND(H3 >= W4, H3 <= X4), Z4, 0) + IF(AND(H3 >= W5, H3 <= X5), Z5, 0) + IF(AND(H3 >= W6, H3 <= X6), Z6, 0) + IF(AND(H3 >= W7, H3 <= X7), Z7, 0) + IF(AND(H3 >= W8, H3 <= X8), Z8, 0) + IF(AND(H3 >= W9, H3 <= X9), Z9, 0) + IF(AND(H3 >= W10, H3 <= X10), Z10, 0)) < 1, "Surcharge Check", (IF(WEEKDAY(H3, 2) <= 5, AC2, AD2) + IF(AND(H3 >= W3, H3 <= X3), Z3, 0) + IF(AND(H3 >= W4, H3 <= X4), Z4, 0) + IF(AND(H3 >= W5, H3 <= X5), Z5, 0) + IF(AND(H3 >= W6, H3 <= X6), Z6, 0) + IF(AND(H3 >= W7, H3 <= X7), Z7, 0) + IF(AND(H3 >= W8, H3 <= X8), Z8, 0) + IF(AND(H3 >= W9, H3 <= X9), Z9, 0) + IF(AND(H3 >= W10, H3 <= X10), Z10, 0)) ) -> Surcharge Check | M3: =$I$1+$K$1 -> 5 | N3: =L3*M3 -> #VALUE! | Q3: 옵션 - 4개 | R3: -30 | S3: 쇼핑 - 3회 | T3: -20 | V3: =서차지!B3 -> World Paralympic Swimming | W3: =서차지!C3 -> 45921 | X3: =서차지!D3 -> 45562 | Y3: =서차지!E3 -> 21 – 27 September 2025 | Z3: -2000
B4: 인원(손님) | C4: 10 | D4: 인원(FOC) | E4: 0 | H4: =H3+1 -> 45948 | J4: =J2 -> Mercure Stevens | L4: =IF( (IF(WEEKDAY(H4, 2) <= 5, AC2, AD2) + IF(AND(H4 >= W3, H4 <= X3), Z3, 0) + IF(AND(H4 >= W4, H4 <= X4), Z4, 0) + IF(AND(H4 >= W5, H4 <= X5), Z5, 0) + IF(AND(H4 >= W6, H4 <= X6), Z6, 0) + IF(AND(H4 >= W7, H4 <= X7), Z7, 0) + IF(AND(H4 >= W8, H4 <= X8), Z8, 0) + IF(AND(H4 >= W9, H4 <= X9), Z9, 0) + IF(AND(H4 >= W10, H4 <= X10), Z10, 0)) < 1, "Surcharge Check", (IF(WEEKDAY(H4, 2) <= 5, AC2, AD2) + IF(AND(H4 >= W3, H4 <= X3), Z3, 0) + IF(AND(H4 >= W4, H4 <= X4), Z4, 0) + IF(AND(H4 >= W5, H4 <= X5), Z5, 0) + IF(AND(H4 >= W6, H4 <= X6), Z6, 0) + IF(AND(H4 >= W7, H4 <= X7), Z7, 0) + IF(AND(H4 >= W8, H4 <= X8), Z8, 0) + IF(AND(H4 >= W9, H4 <= X9), Z9, 0) + IF(AND(H4 >= W10, H4 <= X10), Z10, 0)) ) -> 180 | M4: =$I$1+$K$1 -> 5 | N4: =L4*M4 -> 900 | Q4: 옵션 - 3개 | R4: -20 | S4: 쇼핑 - 2회 | T4: -10 | V4: =서차지!B4 -> Singapore Formula One (F1) | W4: =서차지!C4 -> 45932 | X4: =서차지!D4 -> 45935 | Y4: =서차지!E4 -> 02 Oct - 05 Oct, 2025 | Z4: -2000 | AB4: ='25메인호텔'!F2 -> Momentus | AC4: ='25메인호텔'!G2 -> 190 | AD4: ='25메인호텔'!H2 -> 180
B5: 도착날짜 | C5: 45946 | D5: 3 | E5: =C5+D5 -> 45949 | Q5: 옵션 - 2개 | R5: 0 | S5: 쇼핑 - 1회 | T5: 0 | V5: =서차지!B5 -> ITB Asia | W5: =서차지!C5 -> 45944 | X5: =서차지!D5 -> 45947 | Y5: =서차지!E5 -> 23 - 25 October 2025 | Z5: -2000 | AB5: ='25메인호텔'!F3 -> Aloft Novena | AC5: ='25메인호텔'!G3 -> 180 | AD5: ='25메인호텔'!H3 -> 180
B6: 인당 지상비 (SGD) | C6: =(SUM(O10:O44)+O2)/C4+R2+T5 -> #VALUE! | D6: 인당 지상비 (원화) | E6: =C6*$E$1 -> #VALUE! | Q6: 옵션 - 0개 | R6: 5 | S6: 쇼핑 - 0회 | T6: 5 | V6: =서차지!B6 -> FHA-HoReCa | W6: =서차지!C6 -> 45950 | X6: =서차지!D6 -> 45953 | Y6: =서차지!E6 -> 0 | Z6: -2000 | AB6: ='25메인호텔'!F4 -> Mercure Stevens | AC6: ='25메인호텔'!G4 -> 180 | AD6: ='25메인호텔'!H4 -> 180
B7: 옵션 | C7: 5 | D7: 쇼핑 | E7: 0 | V7: =서차지!B7 -> FinTech 2025 | W7: =서차지!C7 -> 45972 | X7: =서차지!D7 -> 45974 | Y7: =서차지!E7 -> 0 | Z7: -2000 | AB7: ='25메인호텔'!F5 -> M Hotel City Centre | AC7: ='25메인호텔'!G5 -> 230 | AD7: ='25메인호텔'!H5 -> 230
G8: 입장료(항공) | I8: 식사비 | K8: 차량 | M8: 가이드 | O8: 총합계 | V8: =서차지!B8 -> Christmas Day | W8: =서차지!C8 -> 46015 | X8: =서차지!D8 -> 46016 | Y8: =서차지!E8 -> 0 | Z8: -2000 | AB8: ='25메인호텔'!F6 -> Concorde Hotel | AC8: ='25메인호텔'!G6 -> 230 | AD8: ='25메인호텔'!H6 -> 230
B9: SGD/WON | C9: =E1 -> 1100 | D9: SGD/MYR | E9: 3.5 | G9: 금액 | H9: 인원 | I9: 금액 | J9: 인원 | K9: 금액 | L9: 인원 | M9: 금액 | N9: 인원 | V9: =서차지!B9 -> Year End | W9: =서차지!C9 -> 46021 | X9: =서차지!D9 -> 46023 | Y9: =서차지!E9 -> 0 | Z9: -2000 | AB9: ='25메인호텔'!F7 -> Oasia Novena | AC9: ='25메인호텔'!G7 -> 210 | AD9: ='25메인호텔'!H7 -> 210
B10: =TEXT(C5,"m월 d일 aaaa") -> 10월 16일 목요일 | C10: 인천출발 - 싱가포르 도착 | E10: =상품리스트!F20 -> 0.59375 | K10: =IF(C4+E4<8,'가이드&차량'!C43, IF(C4+E4<=14,'가이드&차량'!C35,'가이드&차량'!C19)) -> 200 | L10: 1 | M10: ='가이드&차량'!C3 -> 150 | N10: 1 | O10: =(G10*H10)+(I10*J10)+(K10*L10)+(M10*N10) -> 350 | V10: =서차지!B10 -> Year End | W10: =서차지!C10 -> 46022 | X10: =서차지!D10 -> 46022 | Y10: =서차지!E10 -> 0 | Z10: -2000 | AB10: ='25메인호텔'!F8 -> Orchid Hotel | AC10: ='25메인호텔'!G8 -> 220 | AD10: ='25메인호텔'!H8 -> 220
C11: 가이드 미팅 후 싱가포르 호텔 이동 | O11: =(G11*H11)+(I11*J11)+(K11*L11)+(M11*N11) -> 0 | V11: =서차지!B11 -> Singapore Airshow 2026 | W11: =서차지!C11 -> 46056 | X11: =서차지!D11 -> 46059 | Y11: =서차지!E11 -> 3 - 6 Feb 2026 | AB11: ='25메인호텔'!F9 -> Amara Singapore | AC11: ='25메인호텔'!G9 -> 230 | AD11: ='25메인호텔'!H9 -> 230
C12: (석식) 자유식 10 SGD | I12: 10 | J12: =$C$4+$E$4 -> 10 | O12: =(G12*H12)+(I12*J12)+(K12*L12)+(M12*N12) -> 100 | V12: =서차지!B12 -> Chinese New Year | W12: =서차지!C12 -> 46069 | X12: =서차지!D12 -> 46077 | Y12: =서차지!E12 -> 16 - 24 Feb 2026
C13: 싱가포르 호텔 투숙 | O13: =(G13*H13)+(I13*J13)+(K13*L13)+(M13*N13) -> 0 | V13: =서차지!B13 -> Food & Hotel Beverage | W13: =서차지!C13 -> 0 | X13: =서차지!D13 -> 0 | Y13: =서차지!E13 -> 0 | AB13: ='25메인호텔'!F10 -> Orchard Hotel | AC13: ='25메인호텔'!G10 -> 240 | AD13: ='25메인호텔'!H10 -> 240
B14: =TEXT(C5+1,"m월 d일 aaaa") -> 10월 17일 금요일 | C14: 호텔 조식 후 가이드 미팅 | K14: =IF(C4+E4<8,'가이드&차량'!C47, IF(C4+E4<=14,'가이드&차량'!C39,'가이드&차량'!C23)) -> 530 | L14: =L10 -> 1 | M14: ='가이드&차량'!C6 -> 375 | N14: =N10 -> 1 | O14: =(G14*H14)+(I14*J14)+(K14*L14)+(M14*N14) -> 905 | Q14: 차량/가이드 10시간 기준 | V14: =서차지!B14 -> CommunicAsia | W14: =서차지!C14 -> 0 | X14: =서차지!D14 -> 0 | Y14: =서차지!E14 -> 0 | AB14: ='25메인호텔'!F11 -> Grand Copthorne | AC14: ='25메인호텔'!G11 -> 240 | AD14: ='25메인호텔'!H11 -> 240
C15: 아랍스트리트+하지레인+멀라이언 파크 | O15: =(G15*H15)+(I15*J15)+(K15*L15)+(M15*N15) -> 0 | V15: =서차지!B15 -> National Day | W15: =서차지!C15 -> 0 | X15: =서차지!D15 -> 0 | Y15: =서차지!E15 -> 0 | AB15: ='25메인호텔'!F12 -> Mercure Tyrwhitt | AC15: ='25메인호텔'!G12 -> 170 | AD15: ='25메인호텔'!H12 -> 170
C16: (중식) 스팀보트 - 고로고로 | I16: 18 | J16: =$C$4+$E$4 -> 10 | O16: =(G16*H16)+(I16*J16)+(K16*L16)+(M16*N16) -> 180 | AB16: ='25메인호텔'!F13 -> Hotel Boss | AC16: ='25메인호텔'!G13 -> 185 | AD16: ='25메인호텔'!H13 -> 185
C17: 센토사 섬 ( 케이블카 + 루지 ) +실로소비치 | G17: =일정!E10+일정!E20 -> 53.5 | H17: =$C$4+$E$4 -> 10 | O17: =(G17*H17)+(I17*J17)+(K17*L17)+(M17*N17) -> 535 | AB17: ='25메인호텔'!F14 -> V Hotel Lavender | AC17: ='25메인호텔'!G14 -> 185 | AD17: ='25메인호텔'!H14 -> 185
C18: 부기스 스트리트 | O18: =(G18*H18)+(I18*J18)+(K18*L18)+(M18*N18) -> 0 | AB18: ='25메인호텔'!F15 -> IbIs Novena | AC18: ='25메인호텔'!G15 -> 155 | AD18: ='25메인호텔'!H15 -> 155
C19: (석식) 스트레잇 차이니즈 | I19: =식사!E21 -> 18 | J19: =$C$4+$E$4 -> 10 | O19: =(G19*H19)+(I19*J19)+(K19*L19)+(M19*N19) -> 180 | AB19: ='25메인호텔'!F16 -> IbIs bencoolen | AC19: ='25메인호텔'!G16 -> 185 | AD19: ='25메인호텔'!H16 -> 185
C20: 슈퍼트리쇼 | O20: =(G20*H20)+(I20*J20)+(K20*L20)+(M20*N20) -> 0 | AB20: ='25메인호텔'!F17 -> Oasia Sentosa | AC20: ='25메인호텔'!G17 -> 240 | AD20: ='25메인호텔'!H17 -> 240
C21: 호텔 복귀 휴식 및 취침 | O21: =(G21*H21)+(I21*J21)+(K21*L21)+(M21*N21) -> 0 | AB21: ='25메인호텔'!F18 -> Swissotel The stamford | AC21: ='25메인호텔'!G18 -> 540 | AD21: ='25메인호텔'!H18 -> 540 | AE21: ='25메인호텔'!#REF! -> #REF! | AF21: ='25메인호텔'!#REF! -> #REF!
B22: =TEXT(C5+2,"m월 d일 aaaa") -> 10월 18일 토요일 | C22: 호텔 조식 후 가이드 미팅 | K22: =IF(C4+E4<8,'가이드&차량'!C47, IF(C4+E4<=14,'가이드&차량'!C39,'가이드&차량'!C23)) -> 530 | L22: 1 | M22: ='가이드&차량'!C6 -> 375 | N22: 1 | O22: =(G22*H22)+(I22*J22)+(K22*L22)+(M22*N22) -> 905 | Q22: 차량/가이드 10시간 기준
C23: 보타닉가든 + 차이나 타운 | O23: =(G23*H23)+(I23*J23)+(K23*L23)+(M23*N23) -> 0
C24: (중식) 블랑코 새우국수 | I24: =식사!E12 -> 15 | J24: =$C$4+$E$4 -> 10 | O24: =(G24*H24)+(I24*J24)+(K24*L24)+(M24*N24) -> 150
C25: 에메랄드 힐 + 마나베라지 + MBS 쇼핑몰 | O25: =(G25*H25)+(I25*J25)+(K25*L25)+(M25*N25) -> 0
C26: (석식) 호커센터 자유식 | I26: 15 | J26: =$C$4+$E$4 -> 10 | O26: =(G26*H26)+(I26*J26)+(K26*L26)+(M26*N26) -> 150
C27: 호텔 복귀 휴식 및 취침 | O27: =(G27*H27)+(I27*J27)+(K27*L27)+(M27*N27) -> 0
B28: =TEXT(C5+3,"m월 d일 aaaa") -> 10월 19일 일요일 | C28: 호텔 조식 후 개별 체크아웃 | K28: =IF(C4+E4<8,'가이드&차량'!C47, IF(C4+E4<=14,'가이드&차량'!C39,'가이드&차량'!C23)) -> 530 | L28: =L10 -> 1 | M28: ='가이드&차량'!C6+'가이드&차량'!C3 -> 525 | N28: =N10 -> 1 | O28: =(G28*H28)+(I28*J28)+(K28*L28)+(M28*N28) -> 1055 | Q28: 차량/가이드 12시간 기준
C29: 서던리지스 | O29: =(G29*H29)+(I29*J29)+(K29*L29)+(M29*N29) -> 0
C30: (중식) 송파바쿠테 | I30: =식사!E19 -> 17 | J30: =$C$4+$E$4 -> 10 | O30: =(G30*H30)+(I30*J30)+(K30*L30)+(M30*N30) -> 170
C31: =일정!C27 -> 가든스바이더베이 2돔 ( 쥬랴기 ) | G31: =일정!E27 -> 28.3 | H31: =$C$4+$E$4 -> 10 | O31: =(G31*H31)+(I31*J31)+(K31*L31)+(M31*N31) -> 283
C32: 오차드 로드 + 리틀인디아 | O32: =(G32*H32)+(I32*J32)+(K32*L32)+(M32*N32) -> 0
C33: (석식) SBCD 북창동순두부 | I33: =식사!E3 -> 25 | J33: =$C$4+$E$4 -> 10 | O33: =(G33*H33)+(I33*J33)+(K33*L33)+(M33*N33) -> 250
C34: 공항 이동 후 출국 | E34: =상품리스트!I20 -> 0.0069444444 | O34: =(G34*H34)+(I34*J34)+(K34*L34)+(M34*N34) -> 0
K35: =SUM(K10:K34) -> 1790 | M35: =SUM(M10:M34) -> 1425
B37: 기타비용 | C37: 기타 예비 비용 ( 1인 생수 등) | G37: =$C$4+$E$4 -> 10 | I37: 3 | K37: 1 | O37: =G37*I37*K37 -> 30
C38: 핸들링차지 | G38: 50 | K38: =C4 -> 10 | O38: =G38*K38 -> 500
B40: 포함 옵션 (싱가포르) | C40: 2층버스 | I40: =일정!G24 -> 30 | K40: =C4 -> 10 | O40: =G40*I40*K40 -> 0
C41: 리버보트 | I41: =일정!G30 -> 28 | K41: =C4 -> 10 | O41: =G41*I41*K41 -> 0
C42: 스카이파크 | I42: =일정!G35 -> 36 | K42: =C4 -> 10 | O42: =G42*I42*K42 -> 0
C43: 윙스오브타임 | I43: =일정!G13 -> 19 | K43: =C4 -> 10 | O43: =G43*I43*K43 -> 0
C44: 플라이어 | I44: =일정!G29 -> 40 | K44: =C4 -> 10 | O44: =G44*I44*K44 -> 0

Sheet 210SQ4
A1: home | E1: ='가이드&차량'!B1 -> 1100 | G1: 호텔 | H1: 트윈/더블 | I1: =C4/2 -> 2.5 | J1: 싱글 | K1: 0 | L1: 금액 | M1: 룸넘버 | N1: 소계 | O1: 합계 | V1: * 서차지기간 확인필수 | AC1: 주중 | AD1: 주말
B2: 마스터코드 | C2: ASP210_SQ4 | H2: =C5 -> 45958 | J2: =AB2 -> Amara Singapore | L2: =IF( (IF(WEEKDAY(H2, 2) <= 5, AC2, AD2) + IF(AND(H2 >= W3, H2 <= X3), Z3, 0) + IF(AND(H2 >= W4, H2 <= X4), Z4, 0) + IF(AND(H2 >= W5, H2 <= X5), Z5, 0) + IF(AND(H2 >= W6, H2 <= X6), Z6, 0) + IF(AND(H2 >= W7, H2 <= X7), Z7, 0) + IF(AND(H2 >= W8, H2 <= X8), Z8, 0) + IF(AND(H2 >= W9, H2 <= X9), Z9, 0) + IF(AND(H2 >= W10, H2 <= X10), Z10, 0)) < 1, "Surcharge Check", (IF(WEEKDAY(H2, 2) <= 5, AC2, AD2) + IF(AND(H2 >= W3, H2 <= X3), Z3, 0) + IF(AND(H2 >= W4, H2 <= X4), Z4, 0) + IF(AND(H2 >= W5, H2 <= X5), Z5, 0) + IF(AND(H2 >= W6, H2 <= X6), Z6, 0) + IF(AND(H2 >= W7, H2 <= X7), Z7, 0) + IF(AND(H2 >= W8, H2 <= X8), Z8, 0) + IF(AND(H2 >= W9, H2 <= X9), Z9, 0) + IF(AND(H2 >= W10, H2 <= X10), Z10, 0)) ) -> 230 | M2: =$I$1+$K$1 -> 2.5 | N2: =L2*M2 -> 575 | O2: =SUM(N2:N6) -> 1725 | Q2: 옵션 - 5개 | R2: -40 | S2: 쇼핑 - 4회 | T2: -30 | V2: EVENT | W2: 시작일 | X2: 마감일 | Y2: 실제 행사일 | AB2: Amara Singapore | AC2: 230 | AD2: 230
B3: 구분[여정] | H3: =H2+1 -> 45959 | J3: =J2 -> Amara Singapore | L3: =IF( (IF(WEEKDAY(H3, 2) <= 5, AC2, AD2) + IF(AND(H3 >= W3, H3 <= X3), Z3, 0) + IF(AND(H3 >= W4, H3 <= X4), Z4, 0) + IF(AND(H3 >= W5, H3 <= X5), Z5, 0) + IF(AND(H3 >= W6, H3 <= X6), Z6, 0) + IF(AND(H3 >= W7, H3 <= X7), Z7, 0) + IF(AND(H3 >= W8, H3 <= X8), Z8, 0) + IF(AND(H3 >= W9, H3 <= X9), Z9, 0) + IF(AND(H3 >= W10, H3 <= X10), Z10, 0)) < 1, "Surcharge Check", (IF(WEEKDAY(H3, 2) <= 5, AC2, AD2) + IF(AND(H3 >= W3, H3 <= X3), Z3, 0) + IF(AND(H3 >= W4, H3 <= X4), Z4, 0) + IF(AND(H3 >= W5, H3 <= X5), Z5, 0) + IF(AND(H3 >= W6, H3 <= X6), Z6, 0) + IF(AND(H3 >= W7, H3 <= X7), Z7, 0) + IF(AND(H3 >= W8, H3 <= X8), Z8, 0) + IF(AND(H3 >= W9, H3 <= X9), Z9, 0) + IF(AND(H3 >= W10, H3 <= X10), Z10, 0)) ) -> 230 | M3: =$I$1+$K$1 -> 2.5 | N3: =L3*M3 -> 575 | Q3: 옵션 - 4개 | R3: -30 | S3: 쇼핑 - 3회 | T3: -20 | V3: =서차지!B3 -> World Paralympic Swimming | W3: =서차지!C3 -> 45921 | X3: =서차지!D3 -> 45562 | Y3: =서차지!E3 -> 21 – 27 September 2025 | Z3: -2000
B4: 인원(손님) | C4: 5 | D4: 인원(FOC) | E4: 0 | H4: =H3+1 -> 45960 | J4: =J3 -> Amara Singapore | L4: =IF( (IF(WEEKDAY(H3, 2) <= 5, AC2, AD2) + IF(AND(H3 >= W3, H3 <= X3), Z3, 0) + IF(AND(H3 >= W4, H3 <= X4), Z4, 0) + IF(AND(H3 >= W5, H3 <= X5), Z5, 0) + IF(AND(H3 >= W6, H3 <= X6), Z6, 0) + IF(AND(H3 >= W7, H3 <= X7), Z7, 0) + IF(AND(H3 >= W8, H3 <= X8), Z8, 0) + IF(AND(H3 >= W9, H3 <= X9), Z9, 0) + IF(AND(H3 >= W10, H3 <= X10), Z10, 0)) < 1, "Surcharge Check", (IF(WEEKDAY(H3, 2) <= 5, AC2, AD2) + IF(AND(H3 >= W3, H3 <= X3), Z3, 0) + IF(AND(H3 >= W4, H3 <= X4), Z4, 0) + IF(AND(H3 >= W5, H3 <= X5), Z5, 0) + IF(AND(H3 >= W6, H3 <= X6), Z6, 0) + IF(AND(H3 >= W7, H3 <= X7), Z7, 0) + IF(AND(H3 >= W8, H3 <= X8), Z8, 0) + IF(AND(H3 >= W9, H3 <= X9), Z9, 0) + IF(AND(H3 >= W10, H3 <= X10), Z10, 0)) ) -> 230 | M4: =$I$1+$K$1 -> 2.5 | N4: =L4*M4 -> 575 | Q4: 옵션 - 3개 | R4: -20 | S4: 쇼핑 - 2회 | T4: -10 | V4: =서차지!B4 -> Singapore Formula One (F1) | W4: =서차지!C4 -> 45932 | X4: =서차지!D4 -> 45935 | Y4: =서차지!E4 -> 02 Oct - 05 Oct, 2025 | Z4: -2000 | AB4: ='25메인호텔'!F2 -> Momentus | AC4: ='25메인호텔'!G2 -> 190 | AD4: ='25메인호텔'!H2 -> 180
B5: 도착날짜 | C5: 45958 | D5: 3 | E5: =C5+D5 -> 45961 | H5: =H4+1 -> 45961 | N5: =L5*M5 -> 0 | Q5: 옵션 - 2개 | R5: 0 | S5: 쇼핑 - 1회 | T5: 0 | V5: =서차지!B5 -> ITB Asia | W5: =서차지!C5 -> 45944 | X5: =서차지!D5 -> 45947 | Y5: =서차지!E5 -> 23 - 25 October 2025 | Z5: -2000 | AB5: ='25메인호텔'!F3 -> Aloft Novena | AC5: ='25메인호텔'!G3 -> 180 | AD5: ='25메인호텔'!H3 -> 180
B6: 인당 지상비 (SGD) | C6: =(SUM(O10:O44)+O2)/C4+R2+T6 -> 1275.6 | D6: 인당 지상비 (원화) | E6: =C6*$E$1 -> 1403160 | H6: =H5+1 -> 45962 | N6: =L6*M6 -> 0 | Q6: 옵션 - 0개 | R6: 5 | S6: 쇼핑 - 0회 | T6: 5 | V6: =서차지!B6 -> FHA-HoReCa | W6: =서차지!C6 -> 45950 | X6: =서차지!D6 -> 45953 | Y6: =서차지!E6 -> 0 | Z6: -2000 | AB6: ='25메인호텔'!F4 -> Mercure Stevens | AC6: ='25메인호텔'!G4 -> 180 | AD6: ='25메인호텔'!H4 -> 180
B7: 옵션 | C7: 5 | D7: 쇼핑 | E7: 0 | V7: =서차지!B7 -> FinTech 2025 | W7: =서차지!C7 -> 45972 | X7: =서차지!D7 -> 45974 | Y7: =서차지!E7 -> 0 | Z7: -2000 | AB7: ='25메인호텔'!F5 -> M Hotel City Centre | AC7: ='25메인호텔'!G5 -> 230 | AD7: ='25메인호텔'!H5 -> 230
G8: 입장료(항공) | I8: 식사비 | K8: 차량 | M8: 가이드 | O8: 총합계 | V8: =서차지!B8 -> Christmas Day | W8: =서차지!C8 -> 46015 | X8: =서차지!D8 -> 46016 | Y8: =서차지!E8 -> 0 | Z8: -2000 | AB8: ='25메인호텔'!F6 -> Concorde Hotel | AC8: ='25메인호텔'!G6 -> 230 | AD8: ='25메인호텔'!H6 -> 230
B9: SGD/WON | C9: =E1 -> 1100 | D9: SGD/MYR | E9: 3.5 | G9: 금액 | H9: 인원 | I9: 금액 | J9: 인원 | K9: 금액 | L9: 인원 | M9: 금액 | N9: 인원 | V9: =서차지!B9 -> Year End | W9: =서차지!C9 -> 46021 | X9: =서차지!D9 -> 46023 | Y9: =서차지!E9 -> 0 | Z9: -2000 | AB9: ='25메인호텔'!F7 -> Oasia Novena | AC9: ='25메인호텔'!G7 -> 210 | AD9: ='25메인호텔'!H7 -> 210
B10: =TEXT(C5,"m월 d일 aaaa") -> 10월 28일 화요일 | C10: 인천출발 - 싱가포르 도착 | E10: =상품리스트!F13 -> 0.91666667 | K10: =IF(C4+E4<8,'가이드&차량'!C43, IF(C4+E4<=14,'가이드&차량'!C35,'가이드&차량'!C19)) -> 120 | L10: 1 | M10: ='가이드&차량'!C3 -> 150 | N10: 1 | O10: =(G10*H10)+(I10*J10)+(K10*L10)+(M10*N10) -> 270 | V10: =서차지!B10 -> Year End | W10: =서차지!C10 -> 46022 | X10: =서차지!D10 -> 46022 | Y10: =서차지!E10 -> 0 | Z10: -2000 | AB10: ='25메인호텔'!F8 -> Orchid Hotel | AC10: ='25메인호텔'!G8 -> 220 | AD10: ='25메인호텔'!H8 -> 220
C11: 가이드 미팅 후 싱가포르 호텔 이동 | O11: =(G11*H11)+(I11*J11)+(K11*L11)+(M11*N11) -> 0 | V11: =서차지!B11 -> Singapore Airshow 2026 | W11: =서차지!C11 -> 46056 | X11: =서차지!D11 -> 46059 | Y11: =서차지!E11 -> 3 - 6 Feb 2026 | AB11: ='25메인호텔'!F9 -> Amara Singapore | AC11: ='25메인호텔'!G9 -> 230 | AD11: ='25메인호텔'!H9 -> 230
C12: (석식) 한식 - 고기집 | I12: =식사!E15 -> 18 | J12: =$C$4+$E$4 -> 5 | O12: =(G12*H12)+(I12*J12)+(K12*L12)+(M12*N12) -> 90
C13: 싱가포르 호텔 투숙 | O13: =(G13*H13)+(I13*J13)+(K13*L13)+(M13*N13) -> 0 | V13: =서차지!B13 -> Food & Hotel Beverage | W13: =서차지!C13 -> 0 | X13: =서차지!D13 -> 0 | Y13: =서차지!E13 -> 0 | AB13: ='25메인호텔'!F10 -> Orchard Hotel | AC13: ='25메인호텔'!G10 -> 240 | AD13: ='25메인호텔'!H10 -> 240
B14: =TEXT(C5+1,"m월 d일 aaaa") -> 10월 29일 수요일 | C14: 호텔 조식 후 가이드 미팅 | K14: =IF(C4+E4<8,'가이드&차량'!C47, IF(C4+E4<=14,'가이드&차량'!C39,'가이드&차량'!C23)) -> 430 | L14: =L10 -> 1 | M14: ='가이드&차량'!C6 -> 375 | N14: =N10 -> 1 | O14: =(G14*H14)+(I14*J14)+(K14*L14)+(M14*N14) -> 805 | Q14: 차량/가이드 10시간 기준 | V14: =서차지!B14 -> CommunicAsia | W14: =서차지!C14 -> 0 | X14: =서차지!D14 -> 0 | Y14: =서차지!E14 -> 0 | AB14: ='25메인호텔'!F11 -> Grand Copthorne | AC14: ='25메인호텔'!G11 -> 240 | AD14: ='25메인호텔'!H11 -> 240
C15: 보타닉가든+멀라이언파크 | O15: =(G15*H15)+(I15*J15)+(K15*L15)+(M15*N15) -> 0 | V15: =서차지!B15 -> National Day | W15: =서차지!C15 -> 0 | X15: =서차지!D15 -> 0 | Y15: =서차지!E15 -> 0 | AB15: ='25메인호텔'!F12 -> Mercure Tyrwhitt | AC15: ='25메인호텔'!G12 -> 170 | AD15: ='25메인호텔'!H12 -> 170
C16: (중식) 칠리크랩 - 지엔 | I16: =IF(C4+E4<10,식사!E27,식사!E28) -> 45 | J16: =$C$4+$E$4 -> 5 | O16: =(G16*H16)+(I16*J16)+(K16*L16)+(M16*N16) -> 225 | AB16: ='25메인호텔'!F13 -> Hotel Boss | AC16: ='25메인호텔'!G13 -> 185 | AD16: ='25메인호텔'!H13 -> 185
C17: 리버원더스 (보트 불포함) | G17: =일정!E38 -> 23.5 | H17: =$C$4+$E$4 -> 5 | O17: =(G17*H17)+(I17*J17)+(K17*L17)+(M17*N17) -> 117.5 | AB17: ='25메인호텔'!F14 -> V Hotel Lavender | AC17: ='25메인호텔'!G14 -> 185 | AD17: ='25메인호텔'!H14 -> 185
C18: 차이나타운 | O18: =(G18*H18)+(I18*J18)+(K18*L18)+(M18*N18) -> 0 | AB18: ='25메인호텔'!F15 -> IbIs Novena | AC18: ='25메인호텔'!G15 -> 155 | AD18: ='25메인호텔'!H15 -> 155
C19: =일정!C27 -> 가든스바이더베이 2돔 ( 쥬랴기 ) | G19: =일정!E27 -> 28.3 | H19: =$C$4+$E$4 -> 5 | O19: =(G19*H19)+(I19*J19)+(K19*L19)+(M19*N19) -> 141.5 | AB19: ='25메인호텔'!F16 -> IbIs bencoolen | AC19: ='25메인호텔'!G16 -> 185 | AD19: ='25메인호텔'!H16 -> 185
C20: (석식) SBCD 두부하우스 | I20: =식사!E3 -> 25 | J20: =$C$4+$E$4 -> 5 | O20: =(G20*H20)+(I20*J20)+(K20*L20)+(M20*N20) -> 125 | AB20: ='25메인호텔'!F17 -> Oasia Sentosa | AC20: ='25메인호텔'!G17 -> 240 | AD20: ='25메인호텔'!H17 -> 240
C21: 슈퍼트리쇼 | O21: =(G21*H21)+(I21*J21)+(K21*L21)+(M21*N21) -> 0 | AB21: ='25메인호텔'!F18 -> Swissotel The stamford | AC21: ='25메인호텔'!G18 -> 540 | AD21: ='25메인호텔'!H18 -> 540 | AE21: ='25메인호텔'!#REF! -> #REF! | AF21: ='25메인호텔'!#REF! -> #REF!
C22: 호텔 복귀 휴식 및 취침 | O22: =(G22*H22)+(I22*J22)+(K22*L22)+(M22*N22) -> 0
B23: =TEXT(C5+2,"m월 d일 aaaa") -> 10월 30일 목요일 | C23: 호텔 조식 후 가이드 미팅 | K23: =IF(C4+E4<8,'가이드&차량'!C47, IF(C4+E4<=14,'가이드&차량'!C39,'가이드&차량'!C23)) -> 430 | L23: =L10 -> 1 | M23: ='가이드&차량'!C6 -> 375 | N23: =N10 -> 1 | O23: =(G23*H23)+(I23*J23)+(K23*L23)+(M23*N23) -> 805 | Q23: 차량/가이드 10시간 기준
C24: 버드 파라다이스 | G24: =일정!E40 -> 24.5 | H24: =$C$4+$E$4 -> 5 | O24: =(G24*H24)+(I24*J24)+(K24*L24)+(M24*N24) -> 122.5
C25: (중식) 팽퀸 코브 뷔페 | I25: =식사!E36 -> 20 | J25: =$C$4+$E$4 -> 5 | O25: =(G25*H25)+(I25*J25)+(K25*L25)+(M25*N25) -> 100
C26: 오차드로드 + 에레랄드 힐 + 마리나베라지 | O26: =(G26*H26)+(I26*J26)+(K26*L26)+(M26*N26) -> 0
C27: (석식) 자유식 20 SGD | I27: 20 | J27: =$C$4+$E$4 -> 5 | O27: =(G27*H27)+(I27*J27)+(K27*L27)+(M27*N27) -> 100
C28: 식사 후 호텔 휴식 | O28: =(G28*H28)+(I28*J28)+(K28*L28)+(M28*N28) -> 0
